-- phpMyAdmin SQL Dump
-- version 5.0.2
-- https://www.phpmyadmin.net/
--
-- Host: 127.0.0.1:3306
-- Generation Time: Jan 19, 2022 at 02:36 AM
-- Server version: 5.7.31
-- PHP Version: 7.3.21

SET SQL_MODE = "NO_AUTO_VALUE_ON_ZERO";
START TRANSACTION;
SET time_zone = "+00:00";


/*!40101 SET @OLD_CHARACTER_SET_CLIENT=@@CHARACTER_SET_CLIENT */;
/*!40101 SET @OLD_CHARACTER_SET_RESULTS=@@CHARACTER_SET_RESULTS */;
/*!40101 SET @OLD_COLLATION_CONNECTION=@@COLLATION_CONNECTION */;
/*!40101 SET NAMES utf8mb4 */;

--
-- Database: `xebuyt`
--

-- --------------------------------------------------------

--
-- Table structure for table `danhsachtram`
--

DROP TABLE IF EXISTS `danhsachtram`;
CREATE TABLE IF NOT EXISTS `danhsachtram` (
  `matram` varchar(10) COLLATE utf8_vietnamese_ci NOT NULL,
  `tentram` text COLLATE utf8_vietnamese_ci NOT NULL,
  `trangthai` bit(1) DEFAULT b'1',
  PRIMARY KEY (`matram`)
) ENGINE=InnoDB DEFAULT CHARSET=utf8 COLLATE=utf8_vietnamese_ci;

--
-- Dumping data for table `danhsachtram`
--

INSERT INTO `danhsachtram` (`matram`, `tentram`, `trangthai`) VALUES
('L1', 'Ngã 3 - Trần Quý Cáp - Trần Hưng Đạo', b'1'),
('L10', 'Ngã 3 Võ Thị Sáu - Trần Hưng Đạo', b'0'),
('L100', ' Cách ngã 3 Thôn Lạc Điền 10m về phía nam', b'1'),
('L101', 'UBND xã Cát Chánh', b'1'),
('L102', 'Cách cầu Sông Chùa về phía bắc 50m', b'1'),
('L103', 'Ngã 3 Tỉnh lộ 640/635', b'1'),
('L104', 'Cách Ngã 3Thôn Phương Thái về phía đông 10m', b'1'),
('L105', 'Trường PTCS Cát Tiến  ', b'1'),
('L106', 'Chùa Ông Núi. ', b'1'),
('L107', '26 Nguyễn Huệ', b'1'),
('L108', '72A Nguyễn Huệ', b'1'),
('L109', 'Đối diện 295A Nguyễn Huệ', b'1'),
('L11', 'Ngã 3 Ông Thọ', b'1'),
('L110', '142 Nguyễn Huệ', b'1'),
('L111', 'Đối diện Trung tâm thương mai Quy Nhơn', b'1'),
('L112', 'Đối diện Trung tâm hội chợ triển lãm QN', b'1'),
('L113', 'Đối diện 06 Nguyễn Thái Học', b'1'),
('L114', 'Hội Trường Quang Trung', b'1'),
('L115', 'Đối diện 95 Phan Đình Phùng', b'1'),
('L116', '200 Đống Đa', b'1'),
('L117', '16 Đống Đa', b'1'),
('L118', '686 Trần Hưng Đạo', b'1'),
('L119', '912 Trần Hưng Đạo', b'1'),
('L12', 'XD Trung Hậu', b'1'),
('L120', '1030 Trần Hưng Đạo', b'1'),
('L121', 'Ngã 3 Võ Thị Sáu - Hùng Vương', b'1'),
('L122', 'Công An phường Nhơn Bình', b'1'),
('L123', 'Ngã 3 Chợ Dinh', b'1'),
('L124', 'Ngã 3 Chùa', b'1'),
('L125', 'Nam cầu số 7', b'1'),
('L126', 'Giữa cầu số 7 & 8', b'1'),
('L127', 'Nam cầu số 8', b'1'),
('L128', 'Xăng dầu Trường Uc', b'1'),
('L129', 'Trường trung học số 1 Tuy Phước', b'1'),
('L13', 'Trạm xe khách Nhơn Phú', b'1'),
('L130', 'UBND Huyện Tuy Phước', b'1'),
('L131', 'Chợ Bồ Đề', b'1'),
('L132', 'Ngã 3 thôn Công Chánh', b'1'),
('L133', 'Bệnh viện Tuy Phước', b'1'),
('L134', 'Ngã 3 Ông Đô', b'1'),
('L135', 'Nhà máy Xi măng - Bình Định', b'1'),
('L136', 'Ngã 3 Ga Diêu Trì', b'1'),
('L137', 'Ngã 3 Diêu Trì', b'1'),
('L138', 'Ngã 3 Phú Tài (Bắc)', b'1'),
('L139', 'Công ty xây dựng số 1', b'1'),
('L14', 'Trường Cao đẳng sư phạm', b'1'),
('L140', 'Bưa Điện Phú Tài', b'1'),
('L141', 'Bên phải cổng Cảng Thị nại theo hướng Cảng đi', b'1'),
('L142', 'Hải quan Bình Định', b'1'),
('L143', 'Trung tâm mắt', b'1'),
('L144', 'BV Thành Phố', b'1'),
('L145', 'ĐH Quang Trung', b'1'),
('L146', 'Chùa Long Khánh', b'1'),
('L147', 'Tòa án Tỉnh Bình Định', b'1'),
('L148', '18 Ỷ Lan', b'1'),
('L149', ' Ỷ Lan – Nguyễn Hữu Thọ', b'1'),
('L15', 'Tịnh xá quan âm', b'1'),
('L150', 'Chợ Đầm', b'1'),
('L151', '14 Đống Đa', b'1'),
('L153', 'Ngã ba Vân Canh', b'1'),
('L154', 'UB TT Diêu Trì', b'1'),
('L155', 'Cà phê Chợt Nhớ', b'1'),
('L156', 'Chùa Phước Điền', b'1'),
('L157', 'Chợ Phước Lộc', b'1'),
('L158', 'Nhà máy gạch Tuy nen Bình Định', b'1'),
('L159', 'Trạm Cân', b'1'),
('L16', 'Bệnh viện tâm thần', b'1'),
('L160', 'Ngã ba Bà Di', b'1'),
('L161', ' Ngã 3 Tháp bánh ít', b'1'),
('L162', 'Phía bắc cầu Huỳnh Kim', b'1'),
('L163', 'Cầu Tân An', b'1'),
('L164', 'Cầu Liêm Trực.', b'1'),
('L165', 'Bến xe An Nhơn', b'1'),
('L166', 'Nhà văn hóa An Nhơn', b'1'),
('L167', 'Ngã tư Trần Phú – Ngô Gia Tự', b'1'),
('L168', 'Đài phát tuyến', b'1'),
('L169', 'Cầu An Ngãi 3', b'1'),
('L17', 'Công viên Long Vân', b'1'),
('L170', 'Ngã ba Bệnh viện An Nhơn', b'1'),
('L171', 'UBND xã Nhơn Hưng', b'1'),
('L172', 'Cẩm Văn – Nhơn Hưng', b'1'),
('L173', ' Bến xe ngựa', b'1'),
('L174', ' Bến xe Đập Đá', b'1'),
('L175', 'Trường Nguyễn Trường Tộ', b'1'),
('L176', 'KCN Gò Đá Trắng', b'1'),
('L177', 'Bả Canh', b'1'),
('L178', 'Ngã 3 Chùa Thập tháp', b'1'),
('L179', 'Cống Ba Trang', b'1'),
('L18', 'XD Ngọc Sương', b'1'),
('L180', 'Chợ Gò Găng', b'1'),
('L181', 'Ngã 4 Gò Găng', b'1'),
('L182', ' Bến xe Trung tâm Quy Nhơn', b'1'),
('L183', 'Trung tâm chỉnh hình     ', b'1'),
('L184', 'Chợ cây xăng', b'1'),
('L185', '531 Nguyễn Thái Học', b'1'),
('L186', 'Chùa Lộc Uyển', b'1'),
('L187', 'Bộ đội Biên Phòng ', b'1'),
('L188', 'Công viên Quang Trung', b'1'),
('L189', ' 434 Trần Hưng Đạo', b'1'),
('L19', 'Trường THPT Hùng Vương', b'1'),
('L190', 'Hoàng Hoa Thám', b'1'),
('L191', '109 Đống Đa ', b'1'),
('L192', '95 Phan Đình Phùng ', b'1'),
('L193', ' 302 Phan Bội Châu', b'1'),
('L194', '178 Phan Bội Châu      ', b'1'),
('L195', ' Ngã tư Lê Lợi - Phan Bội Châu', b'1'),
('L196', 'Trần Cao đẳng sư phạm (cũ)    ', b'1'),
('L197', '147 Trần Hưng Đạo ', b'1'),
('L198', '78 Trần Hưng Đạo ', b'1'),
('L199', 'Cơ quan Hải Quan Bình Định', b'1'),
('L2', '278 Trần Hưng Đạo', b'1'),
('L20', 'Ngã 3 Phú Tài', b'1'),
('L200', 'Trường THPT chuyên Lê Quý Đôn', b'1'),
('L201', 'Trường Trung học Y Tế', b'1'),
('L202', 'Khách Sạn Quy Nhơn', b'1'),
('L203', ' Ngã tư Trần Phú - Nguyễn Huệ', b'1'),
('L204', '14D Trần Phú       ', b'1'),
('L205', 'Công viên chợ sân bay   ', b'1'),
('L206', 'Ngã tư Trường Chinh - Phạm Hùng', b'1'),
('L207', ' Siêu thị Quy Nhơn', b'1'),
('L208', '264 Diên Hồng ', b'1'),
('L209', ' 334 Diên Hồng      ', b'1'),
('L21', 'Bến xe 2/9', b'1'),
('L210', 'Trường kỹ thuật cơ điện  ', b'1'),
('L211', ' Bưu điện Lam Sơn   ', b'1'),
('L212', 'Ngân hàng Nông nghiệp & phát triển nông thôn', b'1'),
('L213', 'Cổng chào', b'1'),
('L214', 'Trường Xuân Diệu', b'1'),
('L215', 'XN khai thác Thủy lợi', b'1'),
('L216', ' Ban Thôn Vĩnh Thạnh', b'1'),
('L217', ' Thánh thất Tuy Phước', b'1'),
('L218', 'Chợ Huyện', b'1'),
('L219', 'Gần cống đôi', b'1'),
('L22', 'Ngã 3 Hầm Dầu', b'1'),
('L220', 'Ngã 3 cầu Bà Di dưới', b'1'),
('L221', 'Ngã ba cầu Bà Di trên', b'1'),
('L222', ' Eo bà Nho dưới', b'1'),
('L223', 'Eo bà Nho trên', b'1'),
('L224', 'Công ty Hùng Đại Dương', b'1'),
('L225', 'Xăng dầu số 7', b'1'),
('L226', 'Xăng dầu Thịnh Phát', b'1'),
('L227', 'Trạm than Đông Bắc', b'1'),
('L228', 'Ngã ba thôn Trung Ái', b'1'),
('L229', 'Cầu Đen', b'1'),
('L23', 'DN Duyên Hải', b'1'),
('L230', 'Trường tiểu học Nhơn Thợ', b'1'),
('L231', 'Chợ Đồn', b'1'),
('L232', 'Trường THPT An Nhơn 3', b'1'),
('L233', 'Bưu điện Nhơn Lộc', b'1'),
('L234', 'Hồ Núi Một', b'1'),
('L235', 'Hiệu Quyên', b'1'),
('L236', 'Trạm thu phí Nhơn Tân', b'1'),
('L237', 'Cầu Đập Bộng (xóm Cao)', b'1'),
('L238', ' Công ty phân hóa sinh', b'1'),
('L239', 'Ngã 4 Hạt Sáu', b'1'),
('L24', 'Ngã 3 Cây Duối', b'1'),
('L240', 'Quán cây Xoài', b'1'),
('L241', 'xóm  thôn Lai Nghi', b'1'),
('L242', 'HTX NN Bình Nghi 1', b'1'),
('L243', 'Cầu nước Xanh', b'1'),
('L244', ' Kho thóc Bình Nghi', b'1'),
('L245', ' Nhà may Tám', b'1'),
('L246', 'Khu công nghiệp Phú An', b'1'),
('L247', 'Hiệu Hồng Sen (Phú Xuân)', b'1'),
('L248', 'Bến xe 31-3 Tây Sơn', b'1'),
('L249', 'Cửa hàng Hoàng Vũ', b'1'),
('L25', 'Công ty Quốc Thắng', b'1'),
('L250', 'Hội thánh tin lành Phú Phong', b'1'),
('L251', 'Khách sạn Phú Phong', b'1'),
('L252', ' Hiệu ảnh Ninh', b'1'),
('L253', 'Thôn Hòa Lạc', b'1'),
('L254', 'Điện tử Chinh', b'1'),
('L255', ' Trường PTCS Bình Tường', b'1'),
('L256', 'HTX NN Hòa Sơn', b'1'),
('L257', 'Lăng Mai Xuân Thưởng', b'1'),
('L258', 'Cầu Bầu Sen', b'1'),
('L259', 'Nhà máy đường Bình Định', b'1'),
('L26', 'Cà phê Hương cau', b'1'),
('L260', 'KM 52+100', b'1'),
('L261', 'chợ Đồng Phó', b'1'),
('L262', 'Bưu điện Đồng Phó', b'1'),
('L263', ' Trường TH bán công Võ Lai', b'1'),
('L264', 'Trường THCS Tây Giang    ', b'1'),
('L265', 'Cà phê Nguyễn', b'1'),
('L266', 'Trường CNKT kỹ thuật Quy Nhơn', b'1'),
('L267', 'Ban quản lý các khu CN Bình Định', b'1'),
('L268', 'Xí nghiệp song mây xuất khẩu', b'1'),
('L269', 'Cửa hàng xăng dầu Ngọc Sương', b'1'),
('L27', 'Trường TH Bùi Thị Xuân', b'1'),
('L270', 'Cửa hàng điện máy Tuyết Huy', b'1'),
('L271', 'Cửa hàng xăng dầu Bình An I', b'1'),
('L272', 'Hiệu Honda Thành', b'1'),
('L273', ' Cửa hàng gas Văn Lệnh', b'1'),
('L274', 'UBND xã Phước Thành', b'1'),
('L275', 'Hiệu cắt tóc Minh Trang', b'1'),
('L276', 'Hiệu buôn Thành Thoa', b'1'),
('L277', 'Hiệu uốn tóc Bích Lệ', b'1'),
('L278', 'Ngã 3 thôn An Long', b'1'),
('L279', 'Trường tiểu học số 1 Canh Vinh', b'1'),
('L28', 'Chợ Phú Tài', b'1'),
('L280', 'Km 10 + 300 tỉnh lộ 638', b'1'),
('L281', 'Trường THCS Canh Vinh', b'1'),
('L282', 'Ngã 3 thôn Hiệp Vinh', b'1'),
('L283', ' UBND xã Canh Vinh', b'1'),
('L284', ' Hiệu buôn Hải Thảo', b'1'),
('L285', 'Trường tiểu học Canh Vinh', b'1'),
('L286', 'Trường tiểu học số 2 Canh Vinh', b'1'),
('L287', 'Km 13 + 600 tỉnh lộ 638', b'1'),
('L288', 'Km 14 + 400 tỉnh lộ 638', b'1'),
('L289', 'Km 14 + 800 tỉnh lộ 638', b'1'),
('L29', 'Nhà thờ Phú Tài', b'1'),
('L290', 'Km 15 + 300 tỉnh lộ 638', b'1'),
('L291', 'Ga Tân Vinh', b'1'),
('L292', 'Nhà may Phượng', b'1'),
('L293', 'Công ty TNHH Triệu Bình', b'1'),
('L294', 'Km 18 + 600 tỉnh lộ 638', b'1'),
('L295', ' Km 19 tỉnh lộ 638', b'1'),
('L296', 'Trường THCS Canh Hiển', b'1'),
('L297', 'Hiệu Honda Vương', b'1'),
('L298', 'Ngã 3 thôn Canh Hiển', b'1'),
('L299', 'Ngã 3 thôn Hiệp Hưng', b'1'),
('L3', 'Công an Trần Hưng Đạo', b'1'),
('L30', 'Nghĩa trang Bùi Thị Xuân', b'1'),
('L300', ' ', b'1'),
('L301', 'UBND xã Canh Hiệp', b'1'),
('L302', 'Km 25 + 500 tỉnh lộ 638', b'1'),
('L303', 'Km 26 tỉnh lộ 638, Huyện đội Vân Canh (Bên trái)', b'1'),
('L304', 'Trường tiểu học số 2 Vân Canh', b'1'),
('L305', 'Cà phê Mai Hương', b'1'),
('L306', 'UBND thị trấn Vân Canh', b'1'),
('L307', 'Nghĩa trang liệt sỹ Vân Canh', b'1'),
('L308', 'Chợ Vân Canh', b'1'),
('L309', 'UBND huyện Vân Canh', b'1'),
('L31', 'Công ty Sơn Hải', b'1'),
('L310', ' Hiệu cắt tóc Thành Long', b'1'),
('L311', 'Hiệu cửa sắt Tân Nhật', b'1'),
('L312', 'Ngã ba Chợ Gồm, Phù Cát', b'1'),
('L313', ' UBND xã Cát Hanh (lệch về phía bắc)', b'1'),
('L314', ' Điểm giao dịch Bảo hiểm Bưu điện', b'1'),
('L315', 'Trường DNNN & PTNT Trung bộ (Cơ sở 2)', b'1'),
('L316', 'Hạt Kiểm Lâm Phù Cát', b'1'),
('L317', 'Dịch vụ thú y Mười', b'1'),
('L318', 'Bến xe trung tâm Phù Cát', b'1'),
('L319', 'Số 07 Quang Trung, thị trấn Ngô Mây', b'1'),
('L32', 'Công ty COSEVSO', b'1'),
('L320', 'Huyện ủy Phù Cát', b'1'),
('L321', 'Số 157 Quang Trung, thị trấn Ngô Mây', b'1'),
('L322', ' Số 235 Quang Trung, thị trấn Ngô Mây', b'1'),
('L323', ' Nhà may BoBo, thị trấn Ngô Mây', b'1'),
('L324', 'Số 325 Quang Trung, thị trấn Ngô Mây', b'1'),
('L325', 'Số 405 Quang Trung, thị trấn Ngô Mây', b'1'),
('L326', 'Trường Mẫu giáo Kiều Hiệp, Kiều An, Cát Tân', b'1'),
('L327', 'Đối diện Cắt tóc Hồng Đức, Kiều An, Cát Tân', b'1'),
('L328', 'Đối diện đường xuống Chùa Tịnh An', b'1'),
('L329', 'Đại lý xăng dầu Thuận Hùng, Cát Tân', b'1'),
('L33', 'Ngã 4 Long Mỹ', b'1'),
('L330', 'Quán cơm Mười Thứ, Gò Găng', b'1'),
('L331', 'Đối diện Quán ăn 2000 Gò găng', b'1'),
('L332', 'Tín dụng Nhân dân Nhơn Thành, An Nhơn', b'1'),
('L333', 'Cơ sở rượu Bầu Đá Tân Thịnh', b'1'),
('L334', ' Đối diện Bùi Tộc Từ  đường (Bá Canh)', b'1'),
('L335', 'Phòng giao dịch Đập Đá - Ngân hàng NN & PTNT', b'1'),
('L336', 'Số 238, Quốc lộ 1A, Đập Đá', b'1'),
('L337', 'Dịch vụ Cầm đồ Toàn Mỹ', b'1'),
('L338', 'Cà phê Hoàng Anh, thị trấn Đập Đá', b'1'),
('L339', 'UBND xã Nhơn Hưng', b'1'),
('L34', 'Dốc ông Phật', b'1'),
('L340', ' Trước nhà ông Nguyễn Hữu Giác (An Ngãi, Nhơn Hưng)', b'1'),
('L341', ' Sửa chữa ô tô Ngọc Cẩn (An Ngãi, Nhơn Hưng)', b'1'),
('L342', 'Số 100 Trần Phú, thị trấn Bình Định', b'1'),
('L343', 'Số 228 Trần Phú, thị trấn Bình Định', b'1'),
('L344', ' Số 322 Trần Phú, thị trấn Bình Định', b'1'),
('L345', 'Tiệm áo cưới Châu, thị trấn Bình Định', b'1'),
('L346', 'Điện tử Văn Hùng (thôn Huỳnh Kim, Nhơn Hòa)', b'1'),
('L347', 'Vật liệu XD Linh Vũ', b'1'),
('L348', ' Hon da Thiện Tín (Quảng Tín, Phước Lộc)', b'1'),
('L349', ' Hon da Thành Trung, Phước Lộc', b'1'),
('L35', 'Trường Lâm Nghiệp', b'1'),
('L350', ' Đối diện Công ty Tuy Phước', b'1'),
('L351', 'Hiệu mua bán phụ tùng ô tô Tám Sơn, thị trấn Diêu Trì', b'1'),
('L352', 'Đại lý Bảo hiểm nhân thọ Tuy Phước (thị trấn Diêu Trì)', b'1'),
('L353', ' DNTN TM Vạn Thịnh, thị trấn Diêu Trì', b'1'),
('L354', 'Số 34 Lạc Long Quân (P. Trần Quang Diệu, Quy Nhơn)', b'1'),
('L355', 'Hiệu uốn tóc Trúc Phương', b'1'),
('L356', 'Honda Ba Thành', b'1'),
('L357', 'Cách Cầu Long Vân về phía bắc 120m', b'1'),
('L358', 'Cách cổng Kho Nhơn Phú của Cty vật tư kỷ thuật NN Bình Định 50m về phía nam', b'1'),
('L359', 'Đối diện ngã ba đường vào Cty thực phẩm XNK Lam Sơn.', b'1'),
('L36', 'Suối Dứa', b'1'),
('L360', 'Đối diện Công ty TNHH Đại Thành', b'1'),
('L361', 'Đại lý bia nước ngọt Hoàng Yến (92 Tây Sơn)', b'1'),
('L362', ' Đối diện cổng Khu văn hóa IV, Phường Quang Trung', b'1'),
('L363', 'Tượng Đài Bưu điện Quang Trung, Quy Nhơn', b'1'),
('L364', 'Bến xe trung tâm Quy Nhơn trên đường Tây Sơn về phía bắc 50m', b'1'),
('L365', 'Số 93 Tây Sơn, Quy Nhơn', b'1'),
('L366', 'Bệnh viện quân y 13 về phía tây nam 100m', b'1'),
('L367', 'Trường Đại học Quy Nhơn về phía đông bắc 60m', b'1'),
('L368', 'Cà phê Golden trên đường Nguyễn Tất Thành, Quy Nhơn', b'1'),
('L369', 'Sau Trung tâm thương mại TP. Quy Nhơn', b'1'),
('L37', 'Suối Lỡ', b'1'),
('L370', 'Ngã 3 Vườn Xoài', b'1'),
('L371', 'Xóm 3 Thôn Thượng Sơn', b'1'),
('L372', 'Cơ sở xay gạo Sơn', b'1'),
('L373', 'Xóm 6 Thôn Thượng Sơn', b'1'),
('L374', 'Trường tiểu học Tây Thuận', b'1'),
('L375', 'Xóm 4 Thôn Tiên Thuận', b'1'),
('L376', 'Chợ Hà Riêu', b'1'),
('L377', 'Ngã 3 Lò rèn', b'1'),
('L378', 'Đội 1 Tiên Thái', b'1'),
('L379', 'Đội 10 Thôn Định Xuân', b'1'),
('L38', 'Trạm 10 (cũ)', b'1'),
('L380', 'Đội 9 Thôn Định Xuân', b'1'),
('L381', 'Đội 8 thôn Định Xuân', b'1'),
('L382', 'Đội 7 Thôn Định Trung', b'1'),
('L383', ' Đội 6 Thôn Định Trung', b'1'),
('L384', 'Trường tiểu học Vĩnh Quang', b'1'),
('L385', 'Chợ Định Quang (cũ)', b'1'),
('L386', 'Đội 1 Thôn Định Quang  ', b'1'),
('L387', 'Đội 1 Thôn Định Thái', b'1'),
('L388', 'Ngã 3 Thôn Định Trường', b'1'),
('L389', 'Trạm điện (Đầu TT Định Bình)', b'1'),
('L39', 'Chợ Lớn', b'1'),
('L390', 'Ngã 3 Hồ Định Bình', b'1'),
('L391', 'Điện máy Ba Diễm', b'1'),
('L392', 'Chợ Định Bình ', b'1'),
('L393', 'Nhà may Khánh', b'1'),
('L394', 'Hiệu Photo copy Hoàng Ngọc', b'1'),
('L395', 'Nhà Văn hóa thiếu nhi V.Thạnh', b'1'),
('L396', 'Đường đi BV Vĩnh Thạnh', b'1'),
('L397', 'Trường PTTH Vĩnh Thạnh', b'1'),
('L398', 'Thôn Định Trị (Vĩnh Hảo)', b'1'),
('L399', 'Cafe Bìa Sông Xanh', b'1'),
('L4', 'Sở Điện Lực', b'1'),
('L40', '90 Tăng Bạt Hổ', b'1'),
('L400', 'Trường THCS Vĩnh Hảo', b'1'),
('L401', ' Bưu điện Vĩnh Hảo', b'1'),
('L402', 'Bến xe liên tỉnh (mặt trước)', b'1'),
('L403', 'Bến xe liên tỉnh (mặt sau)', b'1'),
('L404', 'Ngã 3 đường Võ Liệu', b'1'),
('L405', ' Suối Tiên', b'1'),
('L406', 'Dốc Quy Hòa', b'1'),
('L407', 'Trường dạy nghề Bình Định', b'1'),
('L408', 'Vũng Dừa', b'1'),
('L409', 'Quán Thủy Sơn Trang', b'1'),
('L41', '114 Tăng Bạt Hổ', b'1'),
('L410', ' Trạm kiểm dịch', b'1'),
('L411', 'Quán tre xanh', b'1'),
('L412', 'Quán Hữu Lai', b'1'),
('L413', 'Khu du lịch Bãi Dại', b'1'),
('L414', 'Bãi xếp', b'1'),
('L415', ' KV1, Phường Ghềnh Ráng', b'1'),
('L416', ' Life Resort QN', b'1'),
('L417', 'Quán Phương Thảo', b'1'),
('L418', 'Bãi Bàu', b'1'),
('L419', ' Khu du lịch Hải Nguyên', b'1'),
('L42', '286 Lê Hồng Phong', b'1'),
('L420', 'Bãi Rạng', b'1'),
('L421', 'Xăng dầu Khổng Lang', b'1'),
('L422', ' Chùa Phước Xuân', b'1'),
('L423', 'Chợ Xuân Hải', b'1'),
('L424', 'UB xã Xuân Hải', b'1'),
('L425', 'Km 27', b'1'),
('L426', 'Trạm ytế xã Xuân Hải', b'1'),
('L427', 'Km 28 + 400 (Xóm dâu)', b'1'),
('L428', 'Km 28 + 700', b'1'),
('L429', 'Km 29', b'1'),
('L43', '04 Nguyễn Thái Học', b'1'),
('L430', 'Km 29 + 600', b'1'),
('L431', 'Thôn 5, xã Xuân Hải', b'1'),
('L432', 'Ngã 3 Cầu mới', b'1'),
('L433', ' Xăng dầu Minh Lộc', b'1'),
('L434', ' Cty Tân Bình', b'1'),
('L435', 'C.ty Thái Thinh', b'1'),
('L436', 'Café Tao Ngộ', b'1'),
('L437', ' Quán Nhựt Lan (Cơm Năm Tiên)', b'1'),
('L438', ' Xăng dầu số 12', b'1'),
('L439', 'N3 thôn Hòa Phú, Xuân Hòa', b'1'),
('L44', '162 Nguyễn Thái Học', b'1'),
('L440', 'Cầu Bình Phú', b'1'),
('L441', ' Khách sạn Bãi Tiên', b'1'),
('L442', 'Xăng dầu Bảy Cường', b'1'),
('L443', 'Trường tiểu học xã Xuân Cảnh', b'1'),
('L444', 'UBND xã Xuân Cảnh', b'1'),
('L445', ' Trạm y tế Xuân Cảnh', b'1'),
('L446', 'Phía bắc dốc Nhà Ngòi', b'1'),
('L447', 'Giữa dốc Nhà Ngòi', b'1'),
('L448', 'N3 thôn Hòa Hiệp (trên dốc Nhà Ngòi)', b'1'),
('L449', 'Dưới đèo Nại', b'1'),
('L45', '288 Nguyễn Thái Học', b'1'),
('L450', 'Trên đèo Nại', b'1'),
('L451', 'Thôn Trung Trinh', b'1'),
('L452', 'Ngã 3 Vũng La', b'1'),
('L453', ' Honda Tân Long', b'1'),
('L454', 'Chùa Hải Sơn (UB xã Xuân Phương)', b'1'),
('L455', 'Quán cơm Duy An (Cơm Phương Thảo)', b'1'),
('L456', 'HTX kinh doanh Xuân Phương', b'1'),
('L457', 'Đối diện honda Hiếu', b'1'),
('L458', 'Quán Ba Đoàn (Nhà trọ số 1)', b'1'),
('L459', 'Tiệm ăn 544', b'1'),
('L46', '364 Nguyễn Thái Học', b'1'),
('L460', 'Quán bánh canh Múm', b'1'),
('L461', 'Quán cơm Thanh Đạm', b'1'),
('L462', 'BV Sông Cầu', b'1'),
('L463', 'Viện kiểm sát Sông Cầu', b'1'),
('L464', ' Cầu Thị Thạc', b'1'),
('L465', '119 đường Nguyễn Huệ', b'1'),
('L466', 'BĐ Sông Cầu (CA Sông Cầu)', b'1'),
('L467', ' 15 Trần Hưng Đạo', b'1'),
('L468', ' Hiệu đồng hồ Hùng Cường', b'1'),
('L469', 'Điện máy Tấn Tài', b'1'),
('L47', 'Doanh trại quân đội', b'1'),
('L470', 'Ngã 3 cầu Tam Giang', b'1'),
('L471', 'Đỉnh dốc Găng', b'1'),
('L472', 'Thôn Nhiêu Hậu', b'1'),
('L473', 'Cầu huyện (Ngã 3 thôn Chánh Bắc)', b'1'),
('L474', 'UB xã Xuân Thọ 1', b'1'),
('L475', 'Trạm y tế xã Xuân Thọ 1', b'1'),
('L476', 'Đỉnh Dốc Quýt', b'1'),
('L477', ' Phía Nam Dốc Quýt', b'1'),
('L478', 'Cầu Phong Lưu', b'1'),
('L479', 'Cầu Lò Vôi', b'1'),
('L48', 'Ngã 5 Ngô Mây', b'1'),
('L480', 'Ngã 3 Triều Sơn', b'1'),
('L481', 'Trụ sở  thôn Tân Thạnh', b'1'),
('L482', 'Trạm y tế xã Xuân Thọ 2', b'1'),
('L483', ' Xóm Dừa', b'1'),
('L484', 'Nhà “Kim Gia Trang”', b'1'),
('L485', 'Công ty nuôi trồng thủy sản Đài Loan - Việt Nam', b'1'),
('L486', 'Quán cơm Mỹ Vân', b'1'),
('L487', 'Nước mắm Ông Già', b'1'),
('L488', 'Trường tiểu học Gành Đỏ (Nước mắm Thanh Vân)', b'1'),
('L489', ' Cửa hàng Hữu Đông', b'1'),
('L49', 'Trường ĐH Quy Nhơn', b'1'),
('L490', 'Xăng dầu số 11 (Quán cơm Miềm Trung)', b'1'),
('L491', 'Quán cơm Quê Hương', b'1'),
('L492', 'Thôn Bình Thạnh (Miếu Ông cọp)', b'1'),
('L493', ' Cầu gỗ', b'1'),
('L494', 'Quán cơm Văn Sỹ Ben', b'1'),
('L495', 'Ngã 3 Thôn Mỹ Lương', b'1'),
('L496', 'Chùa Đá trắng', b'1'),
('L497', ' Phía Nam Dốc Vườn Xoài', b'1'),
('L498', ' Đại lý Bia Hưng', b'1'),
('L499', 'Honda Văn Tư', b'1'),
('L5', 'Cây xăng ông tề', b'1'),
('L50', 'BV quân y 13', b'1'),
('L500', 'Ngã 3 thôn Bình Chính', b'1'),
('L501', 'UBND xã An Dân', b'1'),
('L502', 'Phía Bắc cầu Ngân Mỹ', b'1'),
('L503', 'Phía Bắc cầu Ngân Sơn', b'1'),
('L504', 'Xăng dầu Ngân Sơn', b'1'),
('L505', 'Bệnh viện Bồng Sơn', b'1'),
('L506', '31 Trần Hưng Đạo (Bồng Sơn)', b'1'),
('L507', 'Cafe Lưu Ly', b'1'),
('L508', 'Cafe Thảo Hương', b'1'),
('L509', 'Chợ chuối mới (Bảo hiểm Viển Đông)', b'1'),
('L51', 'Bưu điện Lam Sơn', b'1'),
('L510', 'Dốc Bà Đội', b'1'),
('L511', 'Ngã 3 Đội 10', b'1'),
('L512', 'Liên đoàn lao động Tỉnh', b'1'),
('L513', 'Lam Quan (Đội 7)', b'1'),
('L514', 'Đối diện UB - NTLS Ân Mỹ', b'1'),
('L515', 'Đối diện vườn ươm (Xóm 5 Mỹ Đức)', b'1'),
('L516', 'Ngã 4 Đội 4 (Đối diện Honda Ngọc Tân', b'1'),
('L517', 'Đối diện Trường PTTH Võ Giữ', b'1'),
('L518', 'Ngã 3 Đội 6 (Phước Bình)', b'1'),
('L519', 'Trường Tiểu học Ân Hảo Đông', b'1'),
('L52', 'Ngã 4 Mai Hắc Đế', b'1'),
('L520', 'Trạm xá xã Ân Hảo', b'1'),
('L521', 'Đối diện Điện tử Anh Dương (Chợ Mới)', b'1'),
('L522', 'Ban nhạc Ngọc xuân (Vạn Hoà)', b'1'),
('L523', 'Bình Hoà  (Chụp hình Thảo)', b'1'),
('L524', 'Bến đò Cây Da', b'1'),
('L525', 'Đối diện Ngã ba đường vào thôn Trà Cong', b'1'),
('L526', 'Ngã 3 Thôn Vạn Khánh', b'1'),
('L527', 'Chi nhánh điện An Lão', b'1'),
('L528', 'Đối diện Trường PTTH An Lão', b'1'),
('L529', 'Đối diện XD số 10 (Ngã 3 Xuân Phong)', b'1'),
('L53', 'Bến xe Liên Tỉnh', b'1'),
('L530', 'UB An Hoà (BĐ Xuân Phong)', b'1'),
('L531', 'Đối diện Ngã 3 Long Hoà', b'1'),
('L532', 'Thôn Tân An (Hiệu xe máy Quốc Tú)', b'1'),
('L533', 'UB Xã An Tân (Đối diện Cafe Suối Nguồn)', b'1'),
('L534', 'Ngã 3 Thôn Tân Lập', b'1'),
('L535', 'Đối diện DNTN An Đức', b'1'),
('L536', 'Đối diện cổng Bưu Điện An Lão', b'1'),
('L537', 'Garage Quyền', b'1'),
('L538', 'Trường lái', b'1'),
('L539', 'Trên Trường lái', b'1'),
('L54', 'Ngã 5 Hồ Le', b'1'),
('L540', 'Ao cá Bác Hồ', b'1'),
('L541', 'Trường  Nguyễn Khuyến', b'1'),
('L542', 'Trường  Hùng Vương', b'1'),
('L543', 'Nhà máy Xi măng Diêu Trì', b'1'),
('L544', 'Trạm Cân', b'1'),
('L545', 'Ngã 4 cầu Bà Di', b'1'),
('L546', 'Cầu Huỳnh Kim', b'1'),
('L547', 'Cầu Tân An', b'1'),
('L548', 'Cầu Cao', b'1'),
('L55', 'Nghĩa trang Quy Nhơn', b'1'),
('L550', 'Chợ Bình Định', b'1'),
('L551', 'Đài phát tuyến', b'1'),
('L552', 'Cầu An Ngãi', b'1'),
('L553', 'Bệnh viện An nhơn', b'1'),
('L554', 'UBND xã Nhơn Hưng', b'1'),
('L555', 'XD Toàn Thắng', b'1'),
('L559', 'Quán cơm Tư Trang', b'1'),
('L56', 'Chợ xóm tiêu', b'1'),
('L560', 'XD Thuận Hùng', b'1'),
('L561', 'Nhà nghỉ Việt Nhật (Thủy Tài)', b'1'),
('L562', 'Trường quân sự Tỉnh Bình Định', b'1'),
('L563', 'UBND xã Cát Tân', b'1'),
('L564', 'Vườn ươm Phù Cát', b'1'),
('L565', 'Ngã 4 Phong An', b'1'),
('L566', 'Nhà sách Trọng Toàn', b'1'),
('L567', 'Chợ Phù Cát', b'1'),
('L568', 'Công viên Phù Cát', b'1'),
('L569', 'Trường Mầm non 19/5', b'1'),
('L57', 'Công ty cổ phần Vận Tải', b'1'),
('L570', 'Bệnh viện Phù Cát', b'1'),
('L571', 'Phú Kim', b'1'),
('L572', 'Bến xe Phù Cát', b'1'),
('L573', 'Cty Sơn Quân', b'1'),
('L574', 'Cafe Hoa Nắng (Quán Dưa)', b'1'),
('L575', 'Ngã 3 Chùa vàng', b'1'),
('L576', 'Dốc Hòa Hội', b'1'),
('L577', 'Cao đẳng nghề Phù Cát (Trường cơ khí)', b'1'),
('L578', 'N4 Bảy Hóa (Dốc Me)', b'1'),
('L579', 'Chùa Mỹ Hóa', b'1'),
('L58', 'Nhà máy ô tô - Mô tô', b'1'),
('L580', 'Garage Chín Huệ', b'1'),
('L581', 'N3 Chợ Gồm', b'1'),
('L582', 'Ngã 3 Khánh Phước (Cống Ông Đề)', b'1'),
('L583', 'Cửa sắt Văn Quang (HTX Phù Ly)', b'1'),
('L584', 'Chợ Phù Ly', b'1'),
('L585', 'Cầu Vạn Thiện (Nhà máy Mì)', b'1'),
('L586', 'Xăng dầu Bình Long', b'1'),
('L587', 'N3 Vạn Phước (Cầu Cương)', b'1'),
('L588', 'Ngã 4 thôn An Trinh', b'1'),
('L589', 'Ngã 3 Nhà Đá (Chợ Tâm Dân)', b'1'),
('L59', 'Vườn rau an toàn', b'1'),
('L590', 'Thôn Đại Thạnh', b'1'),
('L591', 'N3 Thạnh An (Hiếu Cúc)', b'1'),
('L592', 'Hiệu buôn Tư Thảo (Mỹ Hiệp)', b'1'),
('L593', 'Cầu Trà Bình', b'1'),
('L594', 'HonDa Thành Đạt (Cầu Bốn thôn)', b'1'),
('L595', 'Xăng dầu số 20 (Lữ đoàn 572)', b'1'),
('L596', 'Cty May Phù Mỹ', b'1'),
('L597', 'Trường THPT số 1 Phù Mỹ', b'1'),
('L598', 'Bệnh viện Phù Mỹ', b'1'),
('L599', 'Ngã 3 Mỹ Chánh', b'1'),
('L6', 'Liên đoàn lao động Tỉnh', b'1'),
('L60', 'Công ty nguyên liệu giấy', b'1'),
('L600', 'Bến xe Phù Mỹ', b'1'),
('L601', 'Chợ Phù Mỹ', b'1'),
('L602', 'Điện lực Phù Mỹ', b'1'),
('L603', 'Ngã 3 Tường An', b'1'),
('L604', 'Ngã 3 Tân Hưng (Xăng dầu Ngọc Anh)', b'1'),
('L605', 'Xăng dầu số 21 Phù Mỹ', b'1'),
('L606', 'Diêm Tiêu (Trường lái Phù Mỹ)', b'1'),
('L607', 'Dốc Mã Đá', b'1'),
('L608', 'Thôn Trà Lương (Cơm Phương Hoa)', b'1'),
('L609', 'Ngã 3 Chánh Thuận', b'1'),
('L61', 'Xí nghiệp than đá', b'1'),
('L610', 'Phía Nam Đèo Nhông (Cơm Trang Trí)', b'1'),
('L611', 'Đèo Nhông', b'1'),
('L612', 'Cây số 10 (Mỹ Phong)', b'1'),
('L613', 'Trường tiểu học Mỹ phong', b'1'),
('L614', 'Ga Vạn Phước (Cafe Mini)', b'1'),
('L615', 'Chợ Cây Da', b'1'),
('L616', 'Gara Thanh Tùng (Thôn Dương Liễu)', b'1'),
('L617', 'XD Chí Tâm', b'1'),
('L618', 'Café Diệu Thảo', b'1'),
('L619', 'N3 Bình Dương', b'1'),
('L62', 'Trường THPT Hùng Vương', b'1'),
('L620', 'Ngã 3 Tân Lộc', b'1'),
('L621', 'UBND xã Mỹ Lộc', b'1'),
('L622', 'Xăng Dầu Quân đội (Nghĩa trang Mỹ Lộc)', b'1'),
('L623', 'Ga Vạn Phú', b'1'),
('L624', 'Ngã 4 Tam Tượng', b'1'),
('L625', 'N3 Vạn Tuyết', b'1'),
('L626', 'Thôn Lộc Thái', b'1'),
('L627', 'Quán cơm Miền Trung', b'1'),
('L628', 'XD Số 17 (Cầu chui Phú Cũ)', b'1'),
('L629', 'N3 Lại Đức', b'1'),
('L63', 'Dốc Kim Long', b'1'),
('L630', 'Chợ Diên Khánh', b'1'),
('L631', 'Quán cơm Tân Tân', b'1'),
('L632', 'Cầu Dợi (Xăng dầu Phú Liễu)', b'1'),
('L633', 'N3 Hoài Ân', b'1'),
('L634', 'N4 Quán cây dừa (Trung Lương)', b'1'),
('L635', 'N4 An Lão', b'1'),
('L636', 'Cầu Liêm Bình', b'1'),
('L637', 'Chợ Chuối (Café Thảo Hương)', b'1'),
('L638', 'Café Lưu Ly (Như ý)', b'1'),
('L639', 'Chi cục Thuế Bồng Sơn', b'1'),
('L64', 'Café giải khát Yến Nhi', b'1'),
('L640', 'Bệnh viện Hoài Nhơn', b'1'),
('L641', 'Ga Bồng Sơn', b'1'),
('L642', 'Nhà Nghỉ Xuân Hồng', b'1'),
('L643', 'KS Kim Khánh', b'1'),
('L644', 'Thôn Đệ Đức 3 Hoài Tân (Chợ Đổ)', b'1'),
('L645', 'Garage Trường Hà', b'1'),
('L646', 'UBND xã Hoài Tân', b'1'),
('L647', 'Chợ Bộng mới', b'1'),
('L648', 'Đài truyền hình Hoài Nhơn', b'1'),
('L649', 'Hạt quản lý đường bộ Hoài Nhơn', b'1'),
('L65', 'Công ty Minh Phước', b'1'),
('L650', 'Trụ sở thôn An Dưỡng (N3 Bà Tộ)', b'1'),
('L651', 'XD Minh Chánh', b'1'),
('L652', 'Ngã 3 Đền Đào Duy Từ  (Cầu ông Thái)', b'1'),
('L653', 'Nhà hàng Hạnh (Xe máy Thu Trạc)', b'1'),
('L654', 'Gò Xíu', b'1'),
('L655', 'Ngã 3 Hoài Thanh', b'1'),
('L656', 'N3 Hoài Hương (Cầu Chùa)', b'1'),
('L657', 'Trường THCS Hoài Thanh Tây', b'1'),
('L658', 'Trạm Y tế Hoài Thanh Tây (Cầu Dỉ)', b'1'),
('L659', 'Năm Tấn', b'1'),
('L66', 'Khu xử lý chất thải rắn', b'1'),
('L660', 'Ngã 3 Bình Minh', b'1'),
('L661', 'Thôn Phụng Du II (Dốc Cát)', b'1'),
('L662', 'XD Hoài Hảo (Chất đốt)', b'1'),
('L663', 'Cống Ông Tài', b'1'),
('L664', 'Ngã 3 Tân Lập', b'1'),
('L665', 'UBND Tam Quan (Ga Tam Quan)', b'1'),
('L666', 'DN Kim Anh', b'1'),
('L667', 'Ngã 4 Thiện Chánh', b'1'),
('L668', 'N3 Lò Bò', b'1'),
('L669', 'N3 Công Thạnh', b'1'),
('L67', 'Café Phượng', b'1'),
('L670', 'Cầu chui Công Thạnh', b'1'),
('L671', 'N3 Chương Hòa', b'1'),
('L672', 'N3 Ghềnh Ráng', b'1'),
('L68', 'Honda Châu', b'1'),
('L69', 'Ngã 3 bà Võ', b'1'),
('L7', '792 Trần Hưng Đạo', b'1'),
('L70', 'Trường PTCS Phước Mỹ', b'1'),
('L71', 'Nhà máy phân bón Long Mỹ', b'1'),
('L72', 'Chợ Phước Mỹ', b'1'),
('L73', 'Quán tạp hóa Mai', b'1'),
('L74', 'Chợ Lớn Quy Nhơn (đường Hàn Thuyên)', b'1'),
('L75', '171A Trần Cao Vân', b'1'),
('L76', 'Chùa Long Khánh', b'1'),
('L77', '27 Trần Cao Vân', b'1'),
('L78', 'Trường KT cơ điện', b'1'),
('L79', 'Trường tiểu học Nguyễn Khuyến', b'1'),
('L8', 'Ngã 3 Tháp Đôi', b'1'),
('L80', 'Công viên Phú Tài', b'1'),
('L81', ' Nghĩa trang Tuy Phước', b'1'),
('L82', 'Bệnh Viện Tuy Phước', b'1'),
('L83', ' Công An thị trấn Tuy Phước', b'1'),
('L84', 'Garage Quang Liên', b'1'),
('L85', 'Thôn Quỳnh Mai', b'1'),
('L86', 'Cà phê Tiến Hưng', b'1'),
('L87', 'Nghĩa trang Phước Nghĩa', b'1'),
('L88', ' Cà phê Ý Linh', b'1'),
('L89', 'C.ty vật tư thực vật 2', b'1'),
('L9', 'Cầu Đôi', b'1'),
('L90', 'Cách ngã 3 thôn Liên Thuận 20m về phía nam      ', b'1'),
('L91', 'Cách ngã 3 Chợ Bến 20 về phía nam', b'1'),
('L92', 'Tịnh xá Ngọc Sơn', b'1'),
('L93', 'Cách ngã 3 Thôn Từ Sơn về phía nam 50 m', b'1'),
('L94', 'UBND xã Phước Sơn', b'1'),
('L95', 'Cách ngã 3 Kỳ Trung 20m về phía nam          ', b'1'),
('L96', ' Km 11 Tỉnh lộ 640 +950', b'1'),
('L97', 'Cách ngã 3 Thôn Xuân Phương 50m về phía nam', b'1'),
('L98', 'UBND xã Phước Hòa', b'1'),
('L99', 'Cách trung tâm xe máy Chi Diện 50m về phía bắc', b'1');

-- --------------------------------------------------------

--
-- Table structure for table `danhsachtramke`
--

DROP TABLE IF EXISTS `danhsachtramke`;
CREATE TABLE IF NOT EXISTS `danhsachtramke` (
  `matuyen` varchar(10) COLLATE utf8_vietnamese_ci NOT NULL,
  `matram` varchar(10) COLLATE utf8_vietnamese_ci NOT NULL,
  `tramke` varchar(10) COLLATE utf8_vietnamese_ci NOT NULL,
  `khoangcach` int(11) NOT NULL,
  `thoigian` int(11) NOT NULL,
  `mavengay` varchar(20) COLLATE utf8_vietnamese_ci NOT NULL,
  `mavethang` varchar(20) COLLATE utf8_vietnamese_ci NOT NULL,
  KEY `fk_dstramke_matuyen` (`matuyen`),
  KEY `fk_dstramke_tramke` (`matram`),
  KEY `fk_dstramke_mavengay` (`mavengay`)
) ENGINE=InnoDB DEFAULT CHARSET=utf8 COLLATE=utf8_vietnamese_ci;

--
-- Dumping data for table `danhsachtramke`
--

INSERT INTO `danhsachtramke` (`matuyen`, `matram`, `tramke`, `khoangcach`, `thoigian`, `mavengay`, `mavethang`) VALUES
('T1', 'L1', 'L2', 1, 3, 'T1-L12', 'T1-TL12'),
('T1', 'L2', 'L3', 1, 2, 'T1-L23', 'T1-TL23'),
('T1', 'L3', 'L4', 0, 1, 'T1-L34', 'T1-TL34'),
('T1', 'L4', 'L5', 0, 1, 'T1-L45', 'T1-TL45'),
('T1', 'L5', 'L6', 0, 1, 'T1-L56', 'T1-TL56'),
('T1', 'L6', 'L7', 1, 2, 'T1-L67', 'T1-TL67'),
('T1', 'L7', 'L8', 0, 1, 'T1-L78', 'T1-TL78'),
('T1', 'L8', 'L9', 1, 2, 'T1-L89', 'T1-TL89'),
('T1', 'L9', 'L10', 1, 2, 'T1-L910', 'T1-TL910'),
('T1', 'L10', 'L11', 1, 2, 'T1-L1011', 'T1-TL1011'),
('T1', 'L11', 'L12', 0, 1, 'T1-L1112', 'T1-TL1112'),
('T1', 'L12', 'L13', 0, 2, 'T1-L1213', 'T1-TL1213'),
('T1', 'L13', 'L14', 1, 3, 'T1-L1314', 'T1-TL1314'),
('T1', 'L14', 'L15', 1, 3, 'T1-L1415', 'T1-TL1415'),
('T1', 'L15', 'L16', 1, 1, 'T1-L1516', 'T1-TL1516'),
('T1', 'L16', 'L17', 1, 1, 'T1-L1617', 'T1-TL1617'),
('T1', 'L17', 'L18', 1, 1, 'T1-L1718', 'T1-TL1718'),
('T1', 'L18', 'L19', 1, 1, 'T1-L1819', 'T1-TL1819'),
('T1', 'L19', 'L20', 0, 1, 'T1-L1920', 'T1-TL1920'),
('T1', 'L20', 'L21', 1, 1, 'T1-L2021', 'T1-TL2021'),
('T1', 'L21', 'L22', 0, 1, 'T1-L2122', 'T1-TL2122'),
('T1', 'L22', 'L23', 1, 1, 'T1-L2223', 'T1-TL2223'),
('T1', 'L23', 'L24', 1, 1, 'T1-L2324', 'T1-TL2324'),
('T1', 'L24', 'L25', 0, 1, 'T1-L2425', 'T1-TL2425'),
('T1', 'L25', 'L26', 1, 1, 'T1-L2526', 'T1-TL2526'),
('T1', 'L26', 'L27', 1, 2, 'T1-L2627', 'T1-TL2627'),
('T1', 'L27', 'L28', 1, 1, 'T1-L2728', 'T1-TL2728'),
('T1', 'L28', 'L29', 0, 1, 'T1-L2829', 'T1-TL2829'),
('T1', 'L29', 'L30', 0, 1, 'T1-L2930', 'T1-TL2930'),
('T1', 'L30', 'L31', 0, 1, 'T1-L3031', 'T1-TL3031'),
('T1', 'L31', 'L32', 0, 1, 'T1-L3132', 'T1-TL3132'),
('T1', 'L32', 'L33', 0, 1, 'T1-L3233', 'T1-TL3233'),
('T1', 'L33', 'L34', 1, 2, 'T1-L3334', 'T1-TL3334'),
('T1', 'L34', 'L35', 1, 2, 'T1-L3435', 'T1-TL3435'),
('T1', 'L35', 'L36', 0, 1, 'T1-L3536', 'T1-TL3536'),
('T1', 'L36', 'L37', 3, 10, 'T1-L3637', 'T1-TL3637'),
('T1', 'L37', 'L38', 0, 1, 'T1-L3738', 'T1-TL3738'),
('T4', 'L141', 'L142', 1, 2, 'T4-L141142', 'T4-TL141142'),
('T4', 'L142', 'L143', 0, 1, 'T4-L142143', 'T4-TL142143'),
('T4', 'L143', 'L144', 0, 1, 'T4-L143144', 'T4-TL143144'),
('T4', 'L144', 'L145', 0, 1, 'T4-L144145', 'T4-TL144145'),
('T4', 'L145', 'L146', 1, 1, 'T4-L145146', 'T4-TL145146'),
('T4', 'L146', 'L147', 1, 2, 'T4-L146147', 'T4-TL146147'),
('T4', 'L147', 'L108', 0, 1, 'T4-L147108', 'T4-TL147108'),
('T4', 'L108', 'L109', 1, 1, 'T4-L108109', 'T4-TL108109'),
('T4', 'L109', 'L110', 0, 1, 'T4-L109110', 'T4-TL109110'),
('T4', 'L110', 'L111', 1, 1, 'T4-L110111', 'T4-TL110111'),
('T4', 'L111', 'L112', 1, 1, 'T4-L111112', 'T4-TL111112'),
('T4', 'L112', 'L113', 0, 1, 'T4-L112113', 'T4-TL112113'),
('T4', 'L113', 'L114', 0, 1, 'T4-L113114', 'T4-TL113114'),
('T4', 'L114', 'L148', 0, 1, 'T4-L114148', 'T4-TL114148'),
('T4', 'L148', 'L149', 0, 1, 'T4-L148159', 'T4-TL148159'),
('T4', 'L149', 'L150', 1, 1, 'T4-L149150', 'T4-TL149150'),
('T4', 'L150', 'L151', 1, 2, 'T4-L150151', 'T4-TL150151'),
('T4', 'L151', 'L512', 1, 2, 'T4-L151512', 'T4-L151512'),
('T4', 'L512', 'L7', 1, 1, 'T4-L5127', 'T4-TL5127'),
('T4', 'L7', 'L8', 0, 1, 'T4-L78', 'T4-TL78'),
('T4', 'L8', 'L9', 1, 1, 'T4-L89', 'T4-TL89'),
('T4', 'L9', 'L10', 1, 2, 'T4-L910', 'T4-TL910'),
('T4', 'L10', 'L11', 1, 2, 'T4-L1011', 'T4-TL1011'),
('T4', 'L11', 'L12', 0, 1, 'T4-L1112', 'T4-TL1112'),
('T4', 'L12', 'L13', 0, 2, 'T4-L1213', 'T4-TL1213'),
('T4', 'L13', 'L14', 1, 3, 'T4-L1314', 'T4-TL1314'),
('T4', 'L14', 'L15', 1, 3, 'T4-L1415', 'T4-TL1415'),
('T4', 'L15', 'L16', 1, 1, 'T4-L1516', 'T4-TL1516'),
('T4', 'L16', 'L17', 1, 1, 'T4-L1617', 'T4-TL1617'),
('T4', 'L17', 'L18', 1, 1, 'T4-L1718', 'T4-TL1718'),
('T4', 'L18', 'L19', 1, 1, 'T4-L1819', 'T4-TL1819'),
('T4', 'L19', 'L20', 0, 1, 'T4-L1920', 'T4-TL1920'),
('T4', 'L20', 'L138', 0, 1, 'T4-L20138', 'T4-TL20138'),
('T4', 'L138', 'L153', 0, 1, 'T4-L138153', 'T4-TL138153'),
('T4', 'L153', 'L136', 0, 1, 'T4-L153136', 'T4-TL153136'),
('T4', 'L136', 'L154', 1, 2, 'T4-L136154', 'T4-TL136154'),
('T4', 'L154', 'L135', 1, 2, 'T4-L154135', 'T4-TL154135'),
('T4', 'L135', 'L134', 0, 1, 'T4-L135134', 'T4-TL135134'),
('T4', 'L134', 'L155', 1, 2, 'T4-L134155', 'T4-TL134155'),
('T4', 'L155', 'L156', 1, 2, 'T4-L155156', 'T4-TL155156'),
('T4', 'L156', 'L157', 1, 2, 'T4-L156157', 'T4-TL156157'),
('T4', 'L157', 'L158', 1, 5, 'T4-L157158', 'T4-TL157158'),
('T4', 'L158', 'L159', 1, 2, 'T4-L158159', 'T4-TL158159'),
('T4', 'L159', 'L160', 1, 3, 'T4-L159160', 'T4-TL159160'),
('T4', 'L160', 'L161', 0, 1, 'T4-L160161', 'T4-TL160161'),
('T4', 'L161', 'L162', 0, 1, 'T4-L161162', 'T4-TL161162'),
('T4', 'L162', 'L159', 1, 2, 'T4-L162159', 'T4-TL162159'),
('T4', 'L159', 'L164', 1, 2, 'T4-L159164', 'T4-TL159164'),
('T4', 'L164', 'L165', 1, 3, 'T4-L164165', 'T4-TL164165'),
('T4', 'L165', 'L166', 0, 1, 'T4-L165166', 'T4-TL165166'),
('T4', 'L166', 'L167', 0, 1, 'T4-L166167', 'T4-TL166167'),
('T4', 'L167', 'L168', 0, 1, 'T4-L167168', 'T4-TL167168'),
('T4', 'L168', 'L169', 1, 1, 'T4-L168169', 'T4-TL168169'),
('T4', 'L169', 'L170', 1, 1, 'T4-L169170', 'T4-TL169170'),
('T4', 'L170', 'L171', 1, 2, 'T4-L170171', 'T4-TL170171'),
('T4', 'L171', 'L172', 1, 3, 'T4-L171712', 'T4-TL171712'),
('T4', 'L172', 'L173', 1, 1, 'T4-L172173', 'T4-TL172173'),
('T4', 'L173', 'L174', 1, 2, 'T4-L173174', 'T4-TL173174'),
('T4', 'L174', 'L175', 1, 1, 'T4-L174175', 'T4-TL174175'),
('T4', 'L175', 'L176', 0, 1, 'T4-L175176', 'T4-TL175176'),
('T4', 'L176', 'L177', 1, 2, 'T4-L176177', 'T4-TL176177'),
('T4', 'L177', 'L178', 1, 2, 'T4-L177178', 'T4-TL177178'),
('T4', 'L178', 'L179', 1, 1, 'T4-L178179', 'T4-TL178179'),
('T4', 'L179', 'L180', 1, 2, 'T4-L179180', 'T4-TL179180'),
('T4', 'L180', 'L181', 0, 1, 'T4-L180181', 'T4-TL180181'),
('T2', 'L39', 'L40', 0, 1, 'T2-L3940', 'T2-TL3940'),
('T2', 'L40', 'L41', 0, 1, 'T2-L4041', 'T2-TL4041'),
('T2', 'L41', 'L42', 1, 1, 'T2-L4142', 'T2-TL4142'),
('T2', 'L42', 'L43', 1, 2, 'T2-L4243', 'T2-TL4243'),
('T2', 'L43', 'L44', 1, 2, 'T2-L4344', 'T2-TL4344'),
('T2', 'L44', 'L45', 1, 2, 'T2-L4445', 'T2-TL4445'),
('T2', 'L45', 'L46', 0, 1, 'T2-L4546', 'T2-TL4546'),
('T2', 'L46', 'L47', 0, 2, 'T2-L4647', 'T2-TL4647'),
('T2', 'L47', 'L48', 0, 1, 'T2-L4748', 'T2-TL4748'),
('T2', 'L48', 'L49', 0, 1, 'T2-L4849', 'T2-TL4849'),
('T2', 'L49', 'L50', 1, 2, 'T2-L4950', 'T2-TL4950'),
('T2', 'L50', 'L51', 0, 1, 'T2-L5051', 'T2-TL5051'),
('T2', 'L51', 'L52', 0, 1, 'T2-L5152', 'T2-TL5152'),
('T2', 'L52', 'L53', 0, 1, 'T2-L5253', 'T2-TL5253'),
('T2', 'L53', 'L54', 0, 1, 'T2-L5354', 'T2-TL5354'),
('T2', 'L54', 'L55', 0, 1, 'T2-L5455', 'T2-TL5455'),
('T2', 'L55', 'L56', 1, 2, 'T2-L5556', 'T2-TL5556'),
('T2', 'L56', 'L57', 1, 2, 'T2-L5657', 'T2-TL5657'),
('T2', 'L57', 'L58', 0, 1, 'T2-L5758', 'T2-TL5758'),
('T2', 'L58', 'L59', 1, 2, 'T2-L5859', 'T2-TL5859'),
('T2', 'L59', 'L60', 0, 2, 'T2-L5960', 'T2-TL5960'),
('T2', 'L60', 'L61', 0, 1, 'T2-L6061', 'T2-TL6061'),
('T2', 'L61', 'L17', 1, 2, 'T2-L6117', 'T2-TL6117'),
('T2', 'L17', 'L62', 0, 1, 'T2-L1762', 'T2-TL1762'),
('T2', 'L62', 'L20', 1, 2, 'T2-L6220', 'T2-TL6220'),
('T2', 'L20', 'L21', 1, 2, 'T2-L2021', 'T2-TL2021'),
('T2', 'L21', 'L22', 0, 1, 'T2-L2122', 'T2-TL2122'),
('T2', 'L22', 'L23', 1, 1, 'T2-L2223', 'T2-TL2223'),
('T2', 'L23', 'L24', 1, 1, 'T2-L2324', 'T2-TL2324'),
('T2', 'L24', 'L25', 0, 1, 'T2-L2425', 'T2-TL2425'),
('T2', 'L25', 'L26', 1, 2, 'T2-L2526', 'T2-TL2526'),
('T2', 'L26', 'L63', 1, 1, 'T2-L2663', 'T2-TL2663'),
('T2', 'L63', 'L28', 0, 1, 'T2-L6328', 'T2-TL6328'),
('T2', 'L28', 'L29', 0, 1, 'T2-L2829', 'T2-TL2829'),
('T2', 'L29', 'L30', 0, 1, 'T2-L2930', 'T2-TL2930'),
('T2', 'L30', 'L31', 1, 2, 'T2-L3031', 'T2-TL3031'),
('T2', 'L31', 'L32', 1, 2, 'T2-L3132', 'T2-TL3132'),
('T2', 'L32', 'L33', 0, 1, 'T2-L3233', 'T2-TL3233'),
('T2', 'L33', 'L64', 1, 2, 'T2-L3364', 'T2-TL3364'),
('T2', 'L64', 'L65', 0, 1, 'T2-L6465', 'T2-TL6465'),
('T2', 'L65', 'L66', 1, 2, 'T2-L6566', 'T2-TL6566'),
('T2', 'L66', 'L67', 0, 1, 'T2-L6667', 'T2-TL6667'),
('T2', 'L67', 'L68', 0, 1, 'T2-L6768', 'T2-TL6768'),
('T2', 'L68', 'L69', 0, 1, 'T2-L6869', 'T2-TL6869'),
('T2', 'L69', 'L70', 1, 2, 'T2-L6970', 'T2-TL6970'),
('T2', 'L70', 'L71', 1, 1, 'T2-L7071', 'T2-TL7071'),
('T2', 'L71', 'L72', 1, 2, 'T2-L7172', 'T2-TL7172'),
('T2', 'L72', 'L73', 1, 2, 'T2-L7273', 'T2-TL7273'),
('T3', 'L39', 'L107', 0, 1, 'T3-L39107', 'T3-TL39107'),
('T3', 'L107', 'L108', 0, 1, 'T3-L107108', 'T3-TL107108'),
('T3', 'L108', 'L109', 0, 1, 'T3-L108109', 'T3-TL108109'),
('T3', 'L109', 'L110', 1, 1, 'T3-L109110', 'T3-TL109110'),
('T3', 'L110', 'L111', 1, 2, 'T3-L110111', 'T3-TL110111'),
('T3', 'L111', 'L112', 0, 1, 'T3-L111112', 'T3-TL111112'),
('T3', 'L112', 'L113', 0, 1, 'T3-L112113', 'T3-TL112113'),
('T3', 'L113', 'L114', 0, 1, 'T3-L113114', 'T3-TL113114'),
('T3', 'L114', 'L115', 1, 2, 'T3-L114115', 'T3-TL114115'),
('T3', 'L115', 'L116', 1, 2, 'T3-L115116', 'T3-TL115116'),
('T3', 'L116', 'L117', 1, 1, 'T3-L116117', 'T3-TL116117'),
('T3', 'L117', 'L118', 0, 1, 'T3-L117118', 'T3-TL117118'),
('T3', 'L118', 'L7', 0, 1, 'T3-L1187', 'T3-TL1187'),
('T3', 'L7', 'L119', 1, 2, 'T3-L7119', 'T3-TL7119'),
('T3', 'L119', 'L120', 1, 2, 'T3-L119120', 'T3-TL119120'),
('T3', 'L120', 'L121', 0, 1, 'T3-L120121', 'T3-TL120121'),
('T3', 'L121', 'L11', 0, 1, 'T3-L12111', 'T3-TL12111'),
('T3', 'L11', 'L122', 0, 1, 'T3-L11122', 'T3-TL11122'),
('T3', 'L122', 'L123', 1, 1, 'T3-L122123', 'T3-TL122123'),
('T3', 'L123', 'L124', 1, 2, 'T3-L123124', 'T3-TL123124'),
('T3', 'L124', 'L125', 0, 1, 'T3-L124125', 'T3-TL124125'),
('T3', 'L125', 'L126', 1, 2, 'T3-L125126', 'T3-TL125126'),
('T3', 'L126', 'L127', 1, 2, 'T3-L126127', 'T3-TL126127'),
('T3', 'L127', 'L128', 0, 1, 'T3-L127128', 'T3-TL127128'),
('T3', 'L128', 'L129', 0, 1, 'T3-L128129', 'T3-TL128129'),
('T3', 'L129', 'L130', 1, 1, 'T3-L129130', 'T3-TL129130'),
('T3', 'L130', 'L131', 0, 1, 'T3-L130131', 'T3-TL130131'),
('T3', 'L131', 'L132', 1, 2, 'T3-L131132', 'T3-TL131132'),
('T3', 'L132', 'L133', 1, 2, 'T3-L132133', 'T3-TL132133'),
('T3', 'L133', 'L134', 0, 1, 'T3-L133134', 'T3-TL133134'),
('T3', 'L134', 'L135', 1, 1, 'T3-L134135', 'T3-TL134135'),
('T3', 'L135', 'L136', 1, 1, 'T3-L135136', 'T3-TL135136'),
('T3', 'L136', 'L137', 0, 1, 'T3-L136137', 'T3-TL136137'),
('T3', 'L137', 'L138', 1, 2, 'T3-L137138', 'T3-TL137138'),
('T3', 'L138', 'L21', 1, 1, 'T3-L13821', 'T3-TL13821'),
('T3', 'L21', 'L22', 0, 1, 'T3-L2122', 'T3-TL2122'),
('T3', 'L22', 'L139', 0, 1, 'T3-L22139', 'T3-TL22139'),
('T3', 'L139', 'L24', 0, 1, 'T3-L13924', 'T3-TL13924'),
('T3', 'L24', 'L25', 1, 2, 'T3-L2425', 'T3-TL2425'),
('T3', 'L25', 'L26', 1, 2, 'T3-L2526', 'T3-TL2526'),
('T3', 'L26', 'L27', 0, 1, 'T3-L2627', 'T3-TL2627'),
('T3', 'L27', 'L140', 1, 2, 'T3-L27140', 'T3-TL27140'),
('T3', 'L140', 'L29', 0, 1, 'T3-L14029', 'T3-TL14029'),
('T3', 'L29', 'L30', 1, 2, 'T3-L2930', 'T3-TL2930'),
('T3', 'L30', 'L31', 0, 1, 'T3-L3031', 'T3-TL3031'),
('T3', 'L31', 'L32', 1, 2, 'T3-L3132', 'T3-TL3132'),
('T3', 'L32', 'L33', 0, 1, 'T3-L3233', 'T3-TL3233'),
('T3', 'L33', 'L34', 0, 1, 'T3-L3334', 'T3-TL3334'),
('T3', 'L34', 'L35', 1, 1, 'T3-L3435', 'T3-TL3435'),
('T5', 'L182', 'L183', 0, 1, 'T5-L182183', 'T5-TL182183'),
('T5', 'L183', 'L184', 1, 1, 'T5-L183184', 'T5-TL183184'),
('T5', 'L184', 'L185', 0, 1, 'T5-L184185', 'T5-TL184185'),
('T5', 'L185', 'L186', 1, 1, 'T5-L185186', 'T5-TL185186'),
('T5', 'L186', 'L46', 0, 1, 'T5-L18646', 'T5-TL18646'),
('T5', 'L46', 'L45', 1, 2, 'T5-L4645', 'T5-TL4645'),
('T5', 'L45', 'L44', 0, 1, 'T5-L4544', 'T5-TL4544'),
('T5', 'L44', 'L187', 0, 11, 'T5-L44187', 'T5-TL44187'),
('T5', 'L187', 'L188', 0, 1, 'T5-L187188', 'T5-TL187188'),
('T5', 'L188', 'L189', 0, 1, 'T5-L188189', 'T5-TL188189'),
('T5', 'L189', 'L190', 0, 1, 'T5-L189190', 'T5-TL189190'),
('T5', 'L190', 'L150', 1, 1, 'T5-L190150', 'T5-TL190150'),
('T5', 'L150', 'L191', 0, 1, 'T5-L150191', 'T5-TL150191'),
('T5', 'L191', 'L192', 0, 1, 'T5-L191192', 'T5-TL191192'),
('T5', 'L192', 'L193', 0, 1, 'T5-L192193', 'T5-TL192193'),
('T5', 'L193', 'L194', 1, 1, 'T5-L193194', 'T5-TL193194'),
('T5', 'L194', 'L195', 1, 1, 'T5-L194195', 'T5-TL194195'),
('T5', 'L195', 'L196', 1, 2, 'T5-L195196', 'T5-TL195196'),
('T5', 'L196', 'L197', 0, 1, 'T5-L196197', 'T5-TL196197'),
('T5', 'L197', 'L198', 1, 1, 'T5-L197198', 'T5-TL197198'),
('T5', 'L198', 'L199', 1, 2, 'T5-L198199', 'T5-TL198199'),
('T5', 'L199', 'L200', 1, 1, 'T5-L199200', 'T5-TL199200'),
('T5', 'L200', 'L201', 0, 1, 'T5-L200201', 'T5-TL200201'),
('T5', 'L201', 'L202', 1, 2, 'T5-L201202', 'T5-TL201202'),
('T5', 'L202', 'L107', 0, 1, 'T5-L202107', 'T5-TL202107'),
('T5', 'L107', 'L108', 1, 1, 'T5-L107108', 'T5-TL107108'),
('T5', 'L108', 'L203', 1, 2, 'T5-L108203', 'T5-TL108203'),
('T5', 'L203', 'L204', 0, 1, 'T5-L203204', 'T5-TL203204'),
('T5', 'L204', 'L205', 0, 1, 'T5-L204205', 'T5-TL204205'),
('T5', 'L205', 'L206', 0, 1, 'T5-L205206', 'T5-TL205206'),
('T5', 'L206', 'L207', 1, 1, 'T5-L206207', 'T5-TL206207'),
('T5', 'L207', 'L208', 1, 2, 'T5-L207208', 'T5-TL207208'),
('T5', 'L208', 'L209', 1, 2, 'T5-L208209', 'T5-TL208209'),
('T5', 'L209', 'L210', 1, 2, 'T5-L209210', 'T5-TL209210'),
('T5', 'L210', 'L211', 0, 1, 'T5-L210211', 'T5-TL210211'),
('T5', 'L211', 'L182', 0, 1, 'T5-L211182', 'T5-TL211182'),
('T6', 'L212', 'L107', 0, 1, 'T6-L212107', 'T6-TL212107'),
('T6', 'L107', 'L108', 1, 2, 'T6-L107108', 'T6-TL107108'),
('T6', 'L108', 'L109', 0, 1, 'T6-L108109', 'T6-TL108109'),
('T6', 'L109', 'L110', 0, 1, 'T6-L109110', 'T6-TL109110'),
('T6', 'L110', 'L111', 0, 1, 'T6-L110111', 'T6-TL110111'),
('T6', 'L111', 'L112', 1, 2, 'T6-L111112', 'T6-TL111112'),
('T6', 'L112', 'L113', 1, 1, 'T6-L112113', 'T6-TL112113'),
('T6', 'L113', 'L114', 0, 1, 'T6-L113114', 'T6-TL113114'),
('T6', 'L114', 'L148', 1, 2, 'T6-L114148', 'T6-TL114148'),
('T6', 'L148', 'L149', 0, 1, 'T6-L148149', 'T6-TL148149'),
('T6', 'L149', 'L116', 0, 1, 'T6-L149116', 'T6-TL149116'),
('T6', 'L116', 'L117', 0, 1, 'T6-L116117', 'T6-TL116117'),
('T6', 'L117', 'L6', 1, 1, 'T6-L1176', 'T6-TL1176'),
('T6', 'L6', 'L7', 1, 2, 'T6-L67', 'T6-TL67'),
('T6', 'L7', 'L8', 0, 1, 'T6-L78', 'T6-TL78'),
('T6', 'L8', 'L9', 0, 1, 'T6-L89', 'T6-TL89'),
('T6', 'L9', 'L10', 0, 1, 'T6-L910', 'T6-TL910'),
('T6', 'L10', 'L11', 1, 2, 'T6-L1011', 'T6-TL1011'),
('T6', 'L11', 'L122', 1, 2, 'T6-L11122', 'T6-TL11122'),
('T6', 'L122', 'L123', 1, 1, 'T6-L122123', 'T6-TL122123'),
('T6', 'L123', 'L124', 0, 1, 'T6-L123124', 'T6-TL123124'),
('T6', 'L124', 'L125', 0, 1, 'T6-L124125', 'T6-TL124125'),
('T6', 'L125', 'L213', 1, 2, 'T6-L125213', 'T6-TL125213'),
('T6', 'L213', 'L127', 1, 2, 'T6-L213127', 'T6-TL213127'),
('T6', 'L127', 'L128', 0, 1, 'T6-L127128', 'T6-TL127128'),
('T6', 'L128', 'L129', 0, 1, 'T6-L128129', 'T6-TL128129'),
('T6', 'L129', 'L130', 0, 1, 'T6-L129130', 'T6-TL129130'),
('T6', 'L130', 'L214', 1, 1, 'T6-L130214', 'T6-TL130214'),
('T6', 'L214', 'L215', 1, 2, 'T6-L214215', 'T6-TL214215'),
('T6', 'L215', 'L216', 0, 1, 'T6-L215216', 'T6-TL215216'),
('T6', 'L216', 'L217', 1, 2, 'T6-L216217', 'T6-TL216217'),
('T6', 'L217', 'L218', 1, 2, 'T6-L217218', 'T6-TL217218'),
('T6', 'L218', 'L219', 0, 1, 'T6-L218219', 'T6-TL218219'),
('T6', 'L219', 'L220', 0, 1, 'T6-L219220', 'T6-TL219220'),
('T6', 'L220', 'L221', 1, 1, 'T6-L220221', 'T6-TL220221'),
('T6', 'L221', 'L222', 0, 1, 'T6-L221222', 'T6-TL221222'),
('T6', 'L222', 'L223', 1, 2, 'T6-L222223', 'T6-TL222223'),
('T6', 'L223', 'L224', 1, 2, 'T6-L223224', 'T6-TL223224'),
('T6', 'L224', 'L225', 0, 1, 'T6-L224225', 'T6-TL224225'),
('T6', 'L225', 'L226', 1, 1, 'T6-L225226', 'T6-TL225226'),
('T6', 'L226', 'L227', 1, 1, 'T6-L226227', 'T6-TL226227'),
('T6', 'L227', 'L228', 0, 1, 'T6-L227228', 'T6-TL227228'),
('T6', 'L228', 'L229', 1, 2, 'T6-L228229', 'T6-TL228229'),
('T6', 'L229', 'L230', 1, 1, 'T6-L229230', 'T6-TL229230'),
('T6', 'L230', 'L231', 0, 1, 'T6-L230231', 'T6-TL230231'),
('T6', 'L231', 'L232', 0, 1, 'T6-L231232', 'T6-TL231232'),
('T6', 'L232', 'L233', 0, 1, 'T6-L232233', 'T6-TL232233'),
('T6', 'L233', 'L234', 1, 2, 'T6-L233234', 'T6-TL233234'),
('T6', 'L234', 'L235', 1, 1, 'T6-L234235', 'T6-TL234235'),
('T6', 'L235', 'L236', 0, 1, 'T6-L235236', 'T6-TL235236'),
('T6', 'L236', 'L237', 0, 1, 'T6-L236237', 'T6-TL236237'),
('T6', 'L237', 'L238', 0, 1, 'T6-L237238', 'T6-TL237238'),
('T6', 'L238', 'L239', 1, 1, 'T6-L238239', 'T6-TL238239'),
('T6', 'L239', 'L240', 1, 1, 'T6-L239240', 'T6-TL239240'),
('T6', 'L240', 'L241', 1, 2, 'T6-L240241', 'T6-TL240241'),
('T6', 'L241', 'L242', 1, 2, 'T6-L241242', 'T6-TL241242'),
('T6', 'L242', 'L243', 1, 1, 'T6-L242243', 'T6-TL242243'),
('T6', 'L243', 'L244', 1, 2, 'T6-L243244', 'T6-TL243244'),
('T6', 'L244', 'L245', 1, 1, 'T6-L244245', 'T6-TL244245'),
('T6', 'L245', 'L246', 0, 1, 'T6-L245246', 'T6-TL245246'),
('T6', 'L246', 'L27', 1, 2, 'T6-L24627', 'T6-TL24627'),
('T6', 'L27', 'L247', 1, 2, 'T6-L27247', 'T6-TL27247'),
('T6', 'L247', 'L248', 1, 1, 'T6-L247248', 'T6-TL247248'),
('T6', 'L248', 'L249', 1, 2, 'T6-L248249', 'T6-TL248249'),
('T6', 'L249', 'L250', 0, 1, 'T6-L249250', 'T6-TL249250'),
('T6', 'L250', 'L251', 0, 1, 'T6-L250251', 'T6-TL250251'),
('T6', 'L251', 'L252', 0, 1, 'T6-L251252', 'T6-TL251252'),
('T6', 'L252', 'L253', 1, 1, 'T6-L252253', 'T6-TL252253'),
('T6', 'L253', 'L254', 1, 2, 'T6-L253254', 'T6-TL253254'),
('T6', 'L254', 'L255', 1, 2, 'T6-L254255', 'T6-TL254255'),
('T6', 'L255', 'L256', 1, 2, 'T6-L255256', 'T6-TL255256'),
('T6', 'L256', 'L257', 1, 1, 'T6-L256257', 'T6-TL256257'),
('T6', 'L257', 'L258', 0, 1, 'T6-L257258', 'T6-TL257258'),
('T6', 'L258', 'L259', 1, 2, 'T6-L258259', 'T6-TL258259'),
('T6', 'L259', 'L260', 0, 1, 'T6-L259260', 'T6-TL259260'),
('T6', 'L260', 'L261', 0, 1, 'T6-L260261', 'T6-TL260261'),
('T6', 'L261', 'L262', 0, 1, 'T6-L261262', 'T6-TL261262'),
('T6', 'L262', 'L263', 0, 1, 'T6-L262263', 'T6-TL262263'),
('T6', 'L263', 'L264', 0, 1, 'T6-L263264', 'T6-TL263264'),
('T7', 'L74', 'L75', 0, 1, 'T7-L7475', 'T7-TL7475'),
('T7', 'L75', 'L76', 0, 1, 'T7-L7576', 'T7-TL7576'),
('T7', 'L76', 'L77', 1, 1, 'T7-L7677', 'T7-TL7677'),
('T7', 'L77', 'L108', 1, 2, 'T7-L77108', 'T7-TL77108'),
('T7', 'L108', 'L109', 0, 1, 'T7-L108109', 'T7-TL108109'),
('T7', 'L109', 'L110', 1, 2, 'T7-L109110', 'T7-TL109110'),
('T7', 'L110', 'L111', 1, 2, 'T7-L110111', 'T7-TL110111'),
('T7', 'L111', 'L78', 0, 1, 'T7-L11178', 'T7-TL11178'),
('T7', 'L78', 'L50', 0, 1, 'T7-L7850', 'T7-TL7850'),
('T7', 'L50', 'L51', 1, 1, 'T7-L5051', 'T7-TL5051'),
('T7', 'L51', 'L52', 0, 1, 'T7-L5152', 'T7-TL5152'),
('T7', 'L52', 'L53', 1, 2, 'T7-L5253', 'T7-TL5253'),
('T7', 'L53', 'L54', 1, 2, 'T7-L5354', 'T7-TL5354'),
('T7', 'L54', 'L55', 0, 1, 'T7-L5455', 'T7-TL5455'),
('T7', 'L55', 'L56', 1, 1, 'T7-L5556', 'T7-TL5556'),
('T7', 'L56', 'L57', 1, 1, 'T7-L5657', 'T7-TL5657'),
('T7', 'L57', 'L58', 0, 1, 'T7-L5758', 'T7-TL5758'),
('T7', 'L58', 'L59', 1, 2, 'T7-L5859', 'T7-TL5859'),
('T7', 'L59', 'L60', 1, 1, 'T7-L5960', 'T7-TL5960'),
('T7', 'L60', 'L61', 0, 1, 'T7-L6061', 'T7-TL6061'),
('T7', 'L61', 'L79', 0, 1, 'T7-L6179', 'T7-TL6179'),
('T7', 'L79', 'L19', 0, 1, 'T7-L7919', 'T7-TL7919'),
('T7', 'L19', 'L20', 1, 2, 'T7-L1920', 'T7-TL1920'),
('T7', 'L20', 'L80', 1, 2, 'T7-L2080', 'T7-TL2080'),
('T7', 'L80', 'L138', 0, 1, 'T7-L80138', 'T7-TL80138'),
('T7', 'L138', 'L137', 1, 2, 'T7-L138137', 'T7-TL138137'),
('T7', 'L137', 'L136', 0, 1, 'T7-L137136', 'T7-TL137136'),
('T7', 'L136', 'L154', 1, 2, 'T7-L136154', 'T7-TL136154'),
('T7', 'L154', 'L135', 0, 1, 'T7-L154135', 'T7-TL154135'),
('T7', 'L135', 'L134', 1, 1, 'T7-L135134', 'T7-TL135134'),
('T7', 'L134', 'L81', 0, 1, 'T7-L13481', 'T7-TL13481'),
('T7', 'L81', 'L133', 0, 1, 'T7-L81133', 'T7-TL81133'),
('T7', 'L133', 'L131', 1, 1, 'T7-L133131', 'T7-TL133131'),
('T7', 'L131', 'L83', 0, 1, 'T7-L13183', 'T7-TL13183'),
('T7', 'L83', 'L84', 1, 1, 'T7-L8384', 'T7-TL8384'),
('T7', 'L84', 'L85', 0, 1, 'T7-L8485', 'T7-TL8485'),
('T7', 'L85', 'L86', 1, 1, 'T7-L8586', 'T7-TL8586'),
('T7', 'L86', 'L87', 0, 1, 'T7-L8687', 'T7-TL8687'),
('T7', 'L87', 'L88', 1, 2, 'T7-L8788', 'T7-TL8788'),
('T7', 'L88', 'L89', 0, 1, 'T7-L8889', 'T7-TL8889'),
('T7', 'L89', 'L90', 0, 1, 'T7-L8990', 'T7-TL8990'),
('T7', 'L90', 'L91', 0, 1, 'T7-L9091', 'T7-TL9091'),
('T7', 'L91', 'L92', 0, 1, 'T7-L9192', 'T7-TL9192'),
('T7', 'L92', 'L93', 0, 1, 'T7-L9293', 'T7-TL9293'),
('T7', 'L93', 'L94', 1, 1, 'T7-L9394', 'T7-TL9394'),
('T7', 'L94', 'L95', 0, 1, 'T7-L9495', 'T7-TL9495'),
('T7', 'L95', 'L96', 0, 1, 'T7-L9596', 'T7-TL9596'),
('T7', 'L96', 'L97', 0, 1, 'T7-L9697', 'T7-TL9697'),
('T7', 'L97', 'L98', 1, 1, 'T7-L9798', 'T7-TL9798'),
('T7', 'L98', 'L99', 1, 1, 'T7-L9899', 'T7-TL9899'),
('T7', 'L99', 'L100', 1, 2, 'T7-L99100', 'T7-TL99100'),
('T7', 'L100', 'L101', 0, 1, 'T7-L100101', 'T7-TL100101'),
('T7', 'L101', 'L102', 1, 1, 'T7-L101102', 'T7-TL101102'),
('T7', 'L102', 'L103', 1, 2, 'T7-L102103', 'T7-TL102103'),
('T7', 'L103', 'L104', 1, 1, 'T7-L103104', 'T7-TL103104'),
('T7', 'L104', 'L105', 0, 1, 'T7-L104105', 'T7-TL104105'),
('T7', 'L105', 'L106', 1, 2, 'T7-L105106', 'T7-TL105106'),
('T8', 'L265', 'L207', 0, 1, 'T8-L265207', 'T8-TL265207'),
('T8', 'L207', 'L266', 1, 1, 'T8-L207266', 'T8-TL207266'),
('T8', 'L266', 'L50', 1, 2, 'T8-L26650', 'T8-TL26650'),
('T8', 'L50', 'L51', 0, 1, 'T8-L5051', 'T8-TL5051'),
('T8', 'L51', 'L267', 0, 1, 'T8-L51267', 'T8-TL51267'),
('T8', 'L267', 'L182', 0, 1, 'T8-L267182', 'T8-TL267182'),
('T8', 'L182', 'L54', 1, 1, 'T8-L18254', 'T8-TL18254'),
('T8', 'L54', 'L55', 1, 2, 'T8-L5455', 'T8-TL5455'),
('T8', 'L55', 'L56', 1, 2, 'T8-L5556', 'T8-TL5556'),
('T8', 'L56', 'L268', 1, 2, 'T8-L56268', 'T8-TL56268'),
('T8', 'L268', 'L58', 0, 1, 'T8-L26858', 'T8-TL26858'),
('T8', 'L58', 'L59', 0, 1, 'T8-L5859', 'T8-TL5859'),
('T8', 'L59', 'L60', 0, 1, 'T8-L5960', 'T8-TL5960'),
('T8', 'L60', 'L61', 1, 2, 'T8-L6061', 'T8-TL6061'),
('T8', 'L61', 'L269', 0, 1, 'T8-L61269', 'T8-TL61269'),
('T8', 'L269', 'L270', 0, 1, 'T8-L269270', 'T8-TL269270'),
('T8', 'L270', 'L271', 0, 1, 'T8-L270271', 'T8-TL270271'),
('T8', 'L271', 'L272', 1, 2, 'T8-L271272', 'T8-TL271272'),
('T8', 'L272', 'L273', 1, 1, 'T8-L272273', 'T8-TL272273'),
('T8', 'L273', 'L274', 0, 1, 'T8-L273274', 'T8-TL273274'),
('T8', 'L274', 'L275', 1, 2, 'T8-L274275', 'T8-TL274275'),
('T8', 'L275', 'L276', 0, 1, 'T8-L275276', 'T8-TL275276'),
('T8', 'L276', 'L277', 0, 1, 'T8-L276277', 'T8-TL276277'),
('T8', 'L277', 'L278', 0, 1, 'T8-L277278', 'T8-TL277278'),
('T8', 'L278', 'L279', 1, 1, 'T8-L278279', 'T8-TL278279'),
('T8', 'L279', 'L280', 1, 2, 'T8-L279280', 'T8-TL279280'),
('T8', 'L280', 'L281', 0, 1, 'T8-L280281', 'T8-TL280281'),
('T8', 'L281', 'L282', 0, 1, 'T8-L281282', 'T8-TL281282'),
('T8', 'L282', 'L283', 0, 1, 'T8-L282283', 'T8-TL282283'),
('T8', 'L283', 'L284', 1, 2, 'T8-L283284', 'T8-TL283284'),
('T8', 'L284', 'L285', 1, 2, 'T8-L284285', 'T8-TL284285'),
('T8', 'L285', 'L286', 1, 1, 'T8-L285286', 'T8-TL285286'),
('T8', 'L286', 'L287', 0, 1, 'T8-L286287', 'T8-TL286287'),
('T8', 'L287', 'L288', 0, 1, 'T8-L287288', 'T8-TL287288'),
('T8', 'L288', 'L289', 1, 2, 'T8-L288289', 'T8-TL288289'),
('T8', 'L289', 'L290', 1, 2, 'T8-L289290', 'T8-TL289290'),
('T8', 'L290', 'L291', 0, 1, 'T8-L290291', 'T8-TL290291'),
('T8', 'L291', 'L292', 0, 1, 'T8-L291292', 'T8-TL291292'),
('T8', 'L292', 'L293', 0, 1, 'T8-L292293', 'T8-TL292293'),
('T8', 'L293', 'L294', 1, 1, 'T8-L293294', 'T8-TL293294'),
('T8', 'L294', 'L295', 1, 2, 'T8-L294295', 'T8-TL294295'),
('T8', 'L295', 'L296', 0, 1, 'T8-L295296', 'T8-TL295296'),
('T8', 'L296', 'L297', 1, 2, 'T8-L296297', 'T8-TL296297'),
('T8', 'L297', 'L298', 1, 2, 'T8-L297298', 'T8-TL297298'),
('T8', 'L298', 'L299', 1, 1, 'T8-L298299', 'T8-TL298299'),
('T8', 'L299', 'L300', 1, 2, 'T8-L299300', 'T8-TL299300'),
('T8', 'L300', 'L301', 1, 2, 'T8-L300301', 'T8-TL300301'),
('T8', 'L301', 'L302', 0, 1, 'T8-L301302', 'T8-TL301302'),
('T8', 'L302', 'L303', 0, 1, 'T8-L302303', 'T8-TL302303'),
('T8', 'L303', 'L304', 0, 1, 'T8-L303304', 'T8-TL303304'),
('T8', 'L304', 'L305', 0, 1, 'T8-L304305', 'T8-TL304305'),
('T8', 'L305', 'L306', 1, 2, 'T8-L305306', 'T8-TL305306'),
('T8', 'L306', 'L307', 1, 2, 'T8-L306307', 'T8-TL306307'),
('T8', 'L307', 'L308', 0, 1, 'T8-L307308', 'T8-TL307308'),
('T8', 'L308', 'L309', 0, 1, 'T8-L308309', 'T8-TL308309'),
('T8', 'L309', 'L310', 1, 2, 'T8-L309310', 'T8-TL309310'),
('T8', 'L310', 'L311', 0, 1, 'T8-L310311', 'T8-TL310311'),
('T9', 'L265', 'L207', 0, 1, 'T9-L265207', 'T9-TL265207'),
('T9', 'L207', 'L49', 0, 1, 'T9-L20749', 'T9-TL20749'),
('T9', 'L49', 'L50', 1, 2, 'T9-L4950', 'T9-TL4950'),
('T9', 'L50', 'L51', 0, 1, 'T9-L5051', 'T9-TL5051'),
('T9', 'L51', 'L52', 1, 2, 'T9-L5152', 'T9-TL5152'),
('T9', 'L52', 'L402', 0, 1, 'T9-L52402', 'T9-TL52402'),
('T9', 'L402', 'L403', 1, 2, 'T9-L402403', 'T9-TL402403'),
('T9', 'L403', 'L404', 0, 1, 'T9-L403404', 'T9-TL403404'),
('T9', 'L404', 'L405', 0, 1, 'T9-L404405', 'T9-TL404405'),
('T9', 'L405', 'L406', 1, 1, 'T9-L405406', 'T9-TL405406'),
('T9', 'L406', 'L407', 0, 1, 'T9-L406407', 'T9-TL406407'),
('T9', 'L407', 'L408', 1, 1, 'T9-L407408', 'T9-TL407408'),
('T9', 'L408', 'L409', 0, 1, 'T9-L408409', 'T9-TL408409'),
('T9', 'L409', 'L410', 1, 1, 'T9-L409410', 'T9-TL409410'),
('T9', 'L410', 'L411', 0, 1, 'T9-L410411', 'T9-TL410411'),
('T9', 'L411', 'L412', 1, 2, 'T9-L411412', 'T9-TL411412'),
('T9', 'L412', 'L413', 0, 1, 'T9-L412413', 'T9-TL412413'),
('T9', 'L413', 'L414', 0, 1, 'T9-L413414', 'T9-TL413414'),
('T9', 'L414', 'L415', 0, 1, 'T9-L414415', 'T9-TL414415'),
('T9', 'L415', 'L416', 0, 1, 'T9-L415416', 'T9-TL415416'),
('T9', 'L416', 'L417', 0, 1, 'T9-L416417', 'T9-TL416417'),
('T9', 'L417', 'L418', 1, 1, 'T9-L417418', 'T9-TL417418'),
('T9', 'L418', 'L419', 0, 1, 'T9-L418419', 'T9-TL418419'),
('T9', 'L419', 'L420', 0, 1, 'T9-L419420', 'T9-TL419420'),
('T9', 'L420', 'L421', 0, 1, 'T9-L420421', 'T9-TL420421'),
('T9', 'L421', 'L422', 1, 1, 'T9-L421422', 'T9-TL421422'),
('T9', 'L422', 'L423', 1, 1, 'T9-L422423', 'T9-TL422423'),
('T9', 'L423', 'L424', 1, 2, 'T9-L423424', 'T9-TL423424'),
('T9', 'L424', 'L425', 0, 1, 'T9-L424425', 'T9-TL424425'),
('T9', 'L425', 'L426', 1, 1, 'T9-L425426', 'T9-TL425426'),
('T9', 'L426', 'L427', 1, 2, 'T9-L426427', 'T9-TL426427'),
('T9', 'L427', 'L428', 1, 1, 'T9-L427428', 'T9-TL427428'),
('T9', 'L428', 'L429', 0, 1, 'T9-L428429', 'T9-TL428429'),
('T9', 'L429', 'L430', 1, 2, 'T9-L429430', 'T9-TL429430'),
('T9', 'L430', 'L431', 0, 1, 'T9-L430431', 'T9-TL430431'),
('T9', 'L431', 'L432', 1, 1, 'T9-L431432', 'T9-TL431432'),
('T9', 'L432', 'L433', 1, 2, 'T9-L432433', 'T9-TL432433'),
('T9', 'L433', 'L434', 0, 1, 'T9-L433434', 'T9-TL433434'),
('T9', 'L434', 'L435', 0, 1, 'T9-L434435', 'T9-TL434435'),
('T9', 'L435', 'L436', 0, 1, 'T9-L435436', 'T9-L435436'),
('T9', 'L436', 'L437', 1, 2, 'T9-L436437', 'T9-TL436437'),
('T9', 'L437', 'L438', 1, 2, 'T9-L437438', 'T9-TL437438'),
('T9', 'L438', 'L439', 1, 1, 'T9-L438439', 'T9-TL438439'),
('T9', 'L439', 'L440', 0, 1, 'T9-L439440', 'T9-TL439440'),
('T9', 'L440', 'L441', 1, 2, 'T9-L440441', 'T9-TL440441'),
('T9', 'L441', 'L442', 0, 1, 'T9-L441442', 'T9-TL441442'),
('T9', 'L442', 'L443', 0, 1, 'T9-L442443', 'T9-TL442443'),
('T9', 'L443', 'L444', 0, 1, 'T9-L443444', 'T9-TL443444'),
('T9', 'L444', 'L445', 0, 1, 'T9-L444445', 'T9-TL444445'),
('T9', 'L445', 'L446', 0, 1, 'T9-L445446', 'T9-TL445446'),
('T9', 'L446', 'L447', 0, 1, 'T9-L446447', 'T9-TL446447'),
('T9', 'L447', 'L448', 0, 1, 'T9-L447448', 'T9-TL447448'),
('T9', 'L448', 'L449', 1, 1, 'T9-L448449', 'T9-TL448449'),
('T9', 'L449', 'L450', 1, 2, 'T9-L449450', 'T9-TL449450'),
('T9', 'L450', 'L451', 0, 1, 'T9-L450451', 'T9-TL450451'),
('T9', 'L451', 'L452', 1, 2, 'T9-L451452', 'T9-TL451452'),
('T9', 'L452', 'L453', 1, 2, 'T9-L452453', 'T9-TL452453'),
('T9', 'L453', 'L454', 0, 1, 'T9-L453454', 'T9-TL453454'),
('T9', 'L454', 'L455', 0, 1, 'T9-L454455', 'T9-TL454455'),
('T9', 'L455', 'L456', 1, 1, 'T9-L455456', 'T9-TL455456'),
('T9', 'L456', 'L457', 0, 1, 'T9-L456457', 'T9-TL456457'),
('T9', 'L457', 'L458', 1, 2, 'T9-L457458', 'T9-TL457458'),
('T9', 'L458', 'L459', 1, 2, 'T9-L458459', 'T9-TL458459'),
('T9', 'L459', 'L460', 0, 1, 'T9-L459460', 'T9-TL459460'),
('T9', 'L460', 'L461', 1, 1, 'T9-L460461', 'T9-TL460461'),
('T9', 'L461', 'L462', 1, 1, 'T9-L461462', 'T9-TL461462'),
('T9', 'L462', 'L463', 0, 1, 'T9-L462463', 'T9-TL462463'),
('T9', 'L463', 'L464', 1, 2, 'T9-L463464', 'T9-TL463464'),
('T9', 'L464', 'L465', 1, 1, 'T9-L464465', 'T9-TL464465'),
('T9', 'L465', 'L466', 0, 1, 'T9-L465466', 'T9-TL465466'),
('T9', 'L466', 'L467', 1, 1, 'T9-L466467', 'T9-TL466467'),
('T9', 'L467', 'L468', 1, 1, 'T9-L467468', 'T9-TL467468'),
('T9', 'L468', 'L469', 0, 1, 'T9-L468469', 'T9-TL468469'),
('T9', 'L469', 'L470', 1, 2, 'T9-L469470', 'T9-TL469470'),
('T9', 'L470', 'L471', 1, 1, 'T9-L470471', 'T9-TL470471'),
('T9', 'L471', 'L472', 0, 1, 'T9-L471472', 'T9-TL471472'),
('T9', 'L472', 'L473', 0, 1, 'T9-L472473', 'T9-TL472473'),
('T9', 'L473', 'L474', 0, 1, 'T9-L473474', 'T9-TL473474'),
('T9', 'L474', 'L475', 1, 2, 'T9-L474475', 'T9-TL474475'),
('T9', 'L475', 'L476', 1, 1, 'T9-L475476', 'T9-TL475476'),
('T9', 'L476', 'L477', 0, 1, 'T9-L476477', 'T9-TL476477'),
('T9', 'L477', 'L478', 1, 2, 'T9-L477478', 'T9-TL477478'),
('T9', 'L478', 'L479', 0, 1, 'T9-L478479', 'T9-TL478479'),
('T9', 'L479', 'L480', 1, 2, 'T9-L479480', 'T9-TL479480'),
('T9', 'L480', 'L481', 0, 1, 'T9-L480481', 'T9-TL480481'),
('T9', 'L481', 'L482', 1, 2, 'T9-L481482', 'T9-TL481482'),
('T9', 'L482', 'L483', 0, 1, 'T9-L482483', 'T9-TL482483'),
('T9', 'L483', 'L484', 0, 1, 'T9-L483484', 'T9-TL483484'),
('T9', 'L484', 'L485', 1, 1, 'T9-L484485', 'T9-TL484485'),
('T9', 'L485', 'L486', 0, 1, 'T9-L485486', 'T9-TL485486'),
('T9', 'L486', 'L487', 1, 1, 'T9-L486487', 'T9-TL486487'),
('T9', 'L487', 'L488', 0, 1, 'T9-L487488', 'T9-TL487488'),
('T9', 'L488', 'L489', 1, 1, 'T9-L488489', 'T9-TL488489'),
('T9', 'L489', 'L490', 0, 1, 'T9-L489490', 'T9-TL489490'),
('T9', 'L490', 'L491', 1, 2, 'T9-L490491', 'T9-TL490491'),
('T9', 'L491', 'L492', 0, 1, 'T9-L491492', 'T9-TL491492'),
('T9', 'L492', 'L493', 0, 1, 'T9-L492493', 'T9-TL492493'),
('T9', 'L493', 'L494', 0, 1, 'T9-L493494', 'T9-TL493494'),
('T9', 'L494', 'L495', 0, 1, 'T9-L494495', 'T9-TL494495'),
('T9', 'L495', 'L496', 0, 1, 'T9-L495496', 'T9-TL495496'),
('T9', 'L496', 'L497', 1, 1, 'T9-L496497', 'T9-TL496497'),
('T9', 'L497', 'L498', 0, 1, 'T9-L497498', 'T9-TL497498'),
('T9', 'L498', 'L499', 0, 1, 'T9-L498499', 'T9-TL498499'),
('T9', 'L499', 'L500', 0, 1, 'T9-L499500', 'T9-TL499500'),
('T9', 'L500', 'L501', 1, 1, 'T9-L500501', 'T9-TL500501'),
('T9', 'L501', 'L502', 0, 1, 'T9-L501502', 'T9-TL501502'),
('T9', 'L502', 'L503', 1, 2, 'T9-L502503', 'T9-TL502503'),
('T9', 'L503', 'L504', 0, 1, 'T9-L503504', 'T9-TL503504'),
('T10', 'L312', 'L313', 1, 1, 'T10-L312313', 'T10-TL312313'),
('T10', 'L313', 'L314', 1, 2, 'T10-L313314', 'T10-L313314'),
('T10', 'L314', 'L315', 1, 1, 'T10-L314315', 'T10-TL314315'),
('T10', 'L315', 'L316', 0, 1, 'T10-L315316', 'T10-TL315316'),
('T10', 'L316', 'L317', 1, 2, 'T10-L316317', 'T10-TL316317'),
('T10', 'L317', 'L318', 0, 1, 'T10-L317318', 'T10-TL317318'),
('T10', 'L318', 'L319', 1, 1, 'T10-L318319', 'T10-TL318319'),
('T10', 'L319', 'L320', 1, 2, 'T10-L319320', 'T10-TL319320'),
('T10', 'L320', 'L321', 0, 1, 'T10-L320321', 'T10-TL320321'),
('T10', 'L321', 'L322', 0, 1, 'T10-L321322', 'T10-TL321322'),
('T10', 'L322', 'L323', 0, 1, 'T10-L322323', 'T10-TL322323'),
('T10', 'L323', 'L324', 1, 1, 'T10-L323324', 'T10-L323324'),
('T10', 'L324', 'L325', 1, 2, 'T10-L324325', 'T10-TL324325'),
('T10', 'L325', 'L326', 1, 2, 'T10-L325326', 'T10-TL325326'),
('T10', 'L326', 'L327', 1, 2, 'T10-L326327', 'T10-TL326327'),
('T10', 'L327', 'L328', 0, 1, 'T10-L327328', 'T10-TL327328'),
('T10', 'L328', 'L329', 0, 1, 'T10-L328329', 'T10-TL328329'),
('T10', 'L329', 'L330', 0, 1, 'T10-L329330', 'T10-TL329330'),
('T10', 'L330', 'L331', 1, 2, 'T10-L330331', 'T10-TL330331'),
('T10', 'L331', 'L332', 0, 1, 'T10-L331332', 'T10-TL331332'),
('T10', 'L332', 'L333', 0, 1, 'T10-L332333', 'T10-TL332333'),
('T10', 'L333', 'L334', 1, 2, 'T10-L333334', 'T10-TL333334'),
('T10', 'L334', 'L335', 1, 2, 'T10-L334335', 'T10-TL334335'),
('T10', 'L335', 'L336', 0, 1, 'T10-L335336', 'T10-TL335336'),
('T10', 'L336', 'L337', 0, 1, 'T10-L336337', 'T10-TL336337'),
('T10', 'L337', 'L338', 0, 1, 'T10-L337338', 'T10-TL337338'),
('T10', 'L338', 'L339', 1, 1, 'T10-L338339', 'T10-TL338339'),
('T10', 'L339', 'L340', 1, 2, 'T10-L339340', 'T10-TL339340'),
('T10', 'L340', 'L341', 0, 1, 'T10-L340341', 'T10-TL340341'),
('T10', 'L341', 'L342', 1, 2, 'T10-L341342', 'T10-TL341342'),
('T10', 'L342', 'L343', 1, 2, 'T10-L342343', 'T10-TL342343'),
('T10', 'L343', 'L344', 1, 1, 'T10-L343344', 'T10-TL343344'),
('T10', 'L344', 'L345', 1, 2, 'T10-L344345', 'T10-TL344345'),
('T10', 'L345', 'L346', 1, 2, 'T10-L345346', 'T10-TL345346'),
('T10', 'L346', 'L347', 0, 1, 'T10-L346347', 'T10-TL346347'),
('T10', 'L347', 'L348', 0, 1, 'T10-L347348', 'T10-TL347348'),
('T10', 'L348', 'L349', 0, 1, 'T10-L348349', 'T10-TL348349'),
('T10', 'L349', 'L156', 0, 1, 'T10-L349156', 'T10-TL349156'),
('T10', 'L156', 'L350', 1, 1, 'T10-L156350', 'T10-TL156350'),
('T10', 'L350', 'L351', 1, 2, 'T10-L350351', 'T10-TL350351'),
('T10', 'L351', 'L352', 0, 1, 'T10-L351352', 'T10-TL351352'),
('T10', 'L352', 'L353', 0, 1, 'T10-L352353', 'T10-TL352353'),
('T10', 'L353', 'L354', 1, 2, 'T10-L353354', 'T10-TL353354'),
('T10', 'L354', 'L355', 0, 1, 'T10-L354355', 'T10-TL354355'),
('T10', 'L355', 'L356', 0, 1, 'T10-L355356', 'T10-TL355356'),
('T10', 'L356', 'L357', 0, 1, 'T10-L356357', 'T10-TL356357'),
('T10', 'L357', 'L358', 0, 1, 'T10-L357358', 'T10-TL357358'),
('T10', 'L358', 'L359', 1, 1, 'T10-L358359', 'T10-TL358359'),
('T10', 'L359', 'L360', 0, 1, 'T10-L359360', 'T10-TL359360'),
('T10', 'L360', 'L361', 0, 1, 'T10-L360361', 'T10-TL360361'),
('T10', 'L361', 'L362', 0, 1, 'T10-L361362', 'T10-TL361362'),
('T10', 'L362', 'L363', 1, 1, 'T10-L362363', 'T10-TL362363'),
('T10', 'L363', 'L364', 1, 2, 'T10-L363364', 'T10-TL363364'),
('T10', 'L364', 'L365', 0, 1, 'T10-L364365', 'T10-TL364365'),
('T10', 'L365', 'L366', 1, 1, 'T10-L365366', 'T10-TL365366'),
('T10', 'L366', 'L367', 1, 2, 'T10-L366367', 'T10-TL366367'),
('T10', 'L367', 'L368', 1, 2, 'T10-L367368', 'T10-TL367368'),
('T10', 'L368', 'L369', 0, 1, 'T10-L368369', 'T10-TL368369'),
('T12', 'L207', 'L49', 0, 1, 'T12-L20749', 'T12-TL20749'),
('T12', 'L49', 'L82', 0, 1, 'T12-L4982', 'T12-TL4982'),
('T12', 'L82', 'L50', 0, 1, 'T12-L8250', 'T12-TL8250'),
('T12', 'L50', 'L671', 0, 1, 'T12-L50671', 'T12-TL50671'),
('T12', 'L671', 'L52', 1, 1, 'T12-L67152', 'T12-TL67152'),
('T12', 'L52', 'L182', 0, 1, 'T12-L52182', 'T12-TL52182'),
('T12', 'L182', 'L54', 0, 1, 'T12-L18254', 'T12-TL18254'),
('T12', 'L54', 'L55', 0, 1, 'T12-L5455', 'T12-TL5455'),
('T12', 'L55', 'L537', 1, 1, 'T12-L55537', 'T12-TL55537'),
('T12', 'L537', 'L56', 1, 1, 'T12-L53756', 'T12-TL53756'),
('T12', 'L56', 'L538', 1, 2, 'T12-L56538', 'T12-TL56538'),
('T12', 'L538', 'L539', 0, 1, 'T12-L538539', 'T12-TL538539'),
('T12', 'L539', 'L540', 1, 1, 'T12-L539540', 'T12-TL539540'),
('T12', 'L540', 'L59', 1, 2, 'T12-L54059', 'T12-TL54059'),
('T12', 'L59', 'L60', 1, 1, 'T12-L5960', 'T12-TL5960'),
('T12', 'L60', 'L61', 0, 1, 'T12-L6061', 'T12-TL6061'),
('T12', 'L61', 'L79', 1, 2, 'T12-L6179', 'T12-TL6179'),
('T12', 'L79', 'L541', 0, 1, 'T12-L79541', 'T12-TL79541'),
('T12', 'L541', 'L19', 1, 1, 'T12-L54119', 'T12-TL54119'),
('T12', 'L19', 'L20', 1, 2, 'T12-L1920', 'T12-TL1920'),
('T12', 'L20', 'L138', 0, 1, 'T12-L20138', 'T12-TL20138'),
('T12', 'L138', 'L137', 0, 1, 'T12-L138137', 'T12-TL138137'),
('T12', 'L137', 'L136', 0, 1, 'T12-L137136', 'T12-TL137136'),
('T12', 'L136', 'L154', 1, 2, 'T12-L136154', 'T12-TL136154'),
('T12', 'L154', 'L135', 1, 2, 'T12-L154135', 'T12-TL154135'),
('T12', 'L135', 'L134', 1, 1, 'T12-L135134', 'T12-TL135134'),
('T12', 'L134', 'L155', 0, 1, 'T12-L134155', 'T12-TL134155'),
('T12', 'L155', 'L156', 1, 2, 'T12-L155156', 'T12-TL155156'),
('T12', 'L156', 'L157', 0, 1, 'T12-L156157', 'T12-TL156157'),
('T12', 'L157', 'L158', 0, 1, 'T12-L157158', 'T12-TL157158'),
('T12', 'L158', 'L159', 0, 1, 'T12-L158159', 'T12-TL158159'),
('T12', 'L159', 'L160', 0, 1, 'T12-L159160', 'T12-TL159160'),
('T12', 'L160', 'L161', 0, 1, 'T12-L160161', 'T12-TL160161'),
('T12', 'L161', 'L162', 0, 1, 'T12-L161162', 'T12-TL161162'),
('T12', 'L162', 'L547', 0, 1, 'T12-L162547', 'T12-TL162547'),
('T12', 'L547', 'L548', 1, 1, 'T12-L547548', 'T12-TL547548'),
('T12', 'L548', 'L165', 1, 2, 'T12-L548165', 'T12-TL548165'),
('T12', 'L165', 'L166', 0, 1, 'T12-L165166', 'T12-TL165166'),
('T12', 'L166', 'L550', 1, 2, 'T12-L166550', 'T12-TL166550'),
('T12', 'L550', 'L551', 1, 2, 'T12-L550551', 'T12-TL550551'),
('T12', 'L551', 'L552', 0, 1, 'T12-L551552', 'T12-TL551552'),
('T12', 'L552', 'L553', 0, 1, 'T12-L552553', 'T12-TL552553'),
('T12', 'L553', 'L554', 1, 1, 'T12-L553554', 'T12-TL553554'),
('T12', 'L554', 'L555', 0, 1, 'T12-L554555', 'T12-TL554555'),
('T12', 'L555', 'L173', 1, 2, 'T12-L555173', 'T12-TL555173'),
('T12', 'L173', 'L174', 1, 2, 'T12-L173174', 'T12-TL173174'),
('T12', 'L174', 'L175', 0, 1, 'T12-L174175', 'T12-TL174175'),
('T12', 'L175', 'L176', 1, 1, 'T12-L175176', 'T12-TL175176'),
('T12', 'L176', 'L177', 1, 1, 'T12-L176177', 'T12-TL176177'),
('T12', 'L177', 'L178', 0, 1, 'T12-L177178', 'T12-TL177178'),
('T12', 'L178', 'L179', 1, 2, 'T12-L178179', 'T12-TL178179'),
('T12', 'L179', 'L180', 1, 1, 'T12-L179180', 'T12-TL179180'),
('T12', 'L180', 'L181', 0, 1, 'T12-L180181', 'T12-TL180181'),
('T12', 'L181', 'L559', 1, 1, 'T12-L181559', 'T12-TL181559'),
('T12', 'L559', 'L560', 1, 1, 'T12-L559560', 'T12-TL559560'),
('T12', 'L560', 'L561', 0, 1, 'T12-L560561', 'T12-TL560561'),
('T12', 'L561', 'L562', 1, 2, 'T12-L561562', 'T12-TL561562'),
('T12', 'L562', 'L563', 1, 1, 'T12-L562563', 'T12-TL562563'),
('T12', 'L563', 'L564', 0, 1, 'T12-L563564', 'T12-TL563564'),
('T12', 'L564', 'L565', 0, 1, 'T12-L564565', 'T12-TL564565'),
('T12', 'L565', 'L566', 0, 1, 'T12-L565566', 'T12-TL565566'),
('T12', 'L566', 'L567', 1, 2, 'T12-L566567', 'T12-TL566567'),
('T12', 'L567', 'L568', 1, 1, 'T12-L567568', 'T12-TL567568'),
('T12', 'L568', 'L569', 0, 1, 'T12-L568569', 'T12-TL568569'),
('T12', 'L569', 'L570', 1, 2, 'T12-L569570', 'T12-TL569570'),
('T12', 'L570', 'L571', 0, 1, 'T12-L570571', 'T12-TL570571'),
('T12', 'L571', 'L572', 1, 2, 'T12-L571572', 'T12-TL571572'),
('T12', 'L572', 'L573', 0, 1, 'T12-L572573', 'T12-TL572573'),
('T12', 'L573', 'L574', 1, 2, 'T12-L573574', 'T12-TL573574'),
('T12', 'L574', 'L575', 0, 1, 'T12-L574575', 'T12-TL574575'),
('T12', 'L575', 'L576', 0, 1, 'T12-L575576', 'T12-TL575576'),
('T12', 'L576', 'L577', 1, 1, 'T12-L576577', 'T12-TL576577'),
('T12', 'L577', 'L578', 0, 1, 'T12-L577578', 'T12-TL577578'),
('T12', 'L578', 'L579', 1, 1, 'T12-L578579', 'T12-TL578579'),
('T12', 'L579', 'L580', 0, 1, 'T12-L579580', 'T12-TL579580'),
('T12', 'L580', 'L581', 1, 1, 'T12-L580581', 'T12-TL580581'),
('T12', 'L581', 'L582', 0, 1, 'T12-L581582', 'T12-TL581582'),
('T12', 'L582', 'L583', 1, 2, 'T12-L582583', 'T12-TL582583'),
('T12', 'L583', 'L584', 0, 1, 'T12-L583584', 'T12-TL583584'),
('T12', 'L584', 'L585', 0, 1, 'T12-L584585', 'T12-TL584585'),
('T12', 'L585', 'L586', 0, 1, 'T12-L585586', 'T12-TL585586'),
('T12', 'L586', 'L587', 0, 1, 'T12-L586587', 'T12-TL586587'),
('T12', 'L587', 'L588', 0, 1, 'T12-L587588', 'T12-TL587588'),
('T12', 'L588', 'L589', 1, 1, 'T12-L588589', 'T12-TL588589'),
('T12', 'L589', 'L590', 0, 1, 'T12-L589590', 'T12-TL589590'),
('T12', 'L590', 'L591', 0, 1, 'T12-L590591', 'T12-TL590591'),
('T12', 'L591', 'L592', 0, 1, 'T12-L591592', 'T12-TL591592'),
('T12', 'L592', 'L593', 1, 1, 'T12-L592593', 'T12-TL592593'),
('T12', 'L593', 'L594', 0, 1, 'T12-L593594', 'T12-TL593594'),
('T12', 'L594', 'L595', 1, 2, 'T12-L594595', 'T12-TL594595'),
('T12', 'L595', 'L596', 0, 1, 'T12-L595596', 'T12-TL595596'),
('T12', 'L596', 'L597', 1, 1, 'T12-L596597', 'T12-TL596597'),
('T12', 'L597', 'L598', 1, 2, 'T12-L597598', 'T12-TL597598'),
('T12', 'L598', 'L599', 1, 1, 'T12-L598599', 'T12-TL598599'),
('T12', 'L599', 'L600', 0, 1, 'T12-L599600', 'T12-TL599600'),
('T12', 'L600', 'L601', 1, 2, 'T12-L600601', 'T12-TL600601'),
('T12', 'L601', 'L602', 0, 1, 'T12-L601602', 'T12-TL601602'),
('T12', 'L602', 'L603', 1, 1, 'T12-L602603', 'T12-TL602603'),
('T12', 'L603', 'L604', 1, 2, 'T12-L603604', 'T12-TL603604'),
('T12', 'L604', 'L605', 0, 1, 'T12-L604605', 'T12-TL604605'),
('T12', 'L605', 'L606', 0, 1, 'T12-L605606', 'T12-TL605606'),
('T12', 'L606', 'L607', 0, 1, 'T12-L606607', 'T12-TL606607'),
('T12', 'L607', 'L608', 1, 1, 'T12-L607608', 'T12-TL607608'),
('T12', 'L608', 'L609', 1, 2, 'T12-L608609', 'T12-TL608609'),
('T12', 'L609', 'L610', 1, 2, 'T12-L609610', 'T12-TL609610'),
('T12', 'L610', 'L611', 1, 2, 'T12-L610611', 'T12-TL610611'),
('T12', 'L611', 'L612', 0, 1, 'T12-L611612', 'T12-TL611612'),
('T12', 'L612', 'L613', 0, 1, 'T12-L612613', 'T12-TL612613'),
('T12', 'L613', 'L614', 0, 1, 'T12-L613614', 'T12-TL613614'),
('T12', 'L614', 'L615', 1, 2, 'T12-L614615', 'T12-TL614615'),
('T12', 'L615', 'L616', 0, 1, 'T12-L615616', 'T12-TL615616'),
('T12', 'L616', 'L617', 0, 1, 'T12-L616617', 'T12-TL616617'),
('T12', 'L617', 'L618', 1, 2, 'T12-L617618', 'T12-TL617618'),
('T12', 'L618', 'L619', 1, 1, 'T12-L618619', 'T12-TL618619'),
('T12', 'L619', 'L620', 0, 1, 'T12-L619620', 'T12-TL619620'),
('T12', 'L620', 'L621', 0, 1, 'T12-L620621', 'T12-TL620621'),
('T12', 'L621', 'L622', 0, 1, 'T12-L621622', 'T12-TL621622'),
('T12', 'L622', 'L623', 1, 1, 'T12-L622623', 'T12-TL622623'),
('T12', 'L623', 'L624', 1, 2, 'T12-L623624', 'T12-TL623624'),
('T12', 'L624', 'L625', 0, 1, 'T12-L624625', 'T12-TL624625'),
('T12', 'L625', 'L626', 1, 2, 'T12-L625626', 'T12-TL625626'),
('T12', 'L626', 'L627', 1, 2, 'T12-L626627', 'T12-TL626627'),
('T12', 'L627', 'L628', 1, 1, 'T12-L627628', 'T12-TL627628'),
('T12', 'L628', 'L629', 1, 2, 'T12-L628629', 'T12-TL628629'),
('T12', 'L629', 'L630', 1, 2, 'T12-L629630', 'T12-TL629630'),
('T12', 'L630', 'L631', 0, 1, 'T12-L630631', 'T12-TL630631'),
('T12', 'L631', 'L632', 0, 1, 'T12-L631632', 'T12-TL631632'),
('T12', 'L632', 'L633', 0, 1, 'T12-L632633', 'T12-TL632633'),
('T12', 'L633', 'L634', 0, 1, 'T12-L633634', 'T12-TL633634'),
('T12', 'L634', 'L635', 1, 2, 'T12-L634635', 'T12-TL634635'),
('T12', 'L635', 'L636', 1, 2, 'T12-L635636', 'T12-TL635636'),
('T12', 'L636', 'L637', 0, 1, 'T12-L636637', 'T12-TL636637'),
('T12', 'L637', 'L638', 0, 1, 'T12-L637638', 'T12-TL637638'),
('T12', 'L638', 'L639', 1, 2, 'T12-L638639', 'T12-TL638639'),
('T12', 'L639', 'L640', 0, 1, 'T12-L639640', 'T12-TL639640'),
('T12', 'L640', 'L641', 0, 1, 'T12-L640641', 'T12-TL640641'),
('T12', 'L641', 'L642', 0, 1, 'T12-L641642', 'T12-TL641642'),
('T12', 'L642', 'L643', 0, 1, 'T12-L642643', 'T12-TL642643'),
('T12', 'L643', 'L644', 1, 1, 'T12-L643644', 'T12-TL643644'),
('T12', 'L644', 'L645', 0, 1, 'T12-L644645', 'T12-TL644645'),
('T12', 'L645', 'L646', 0, 1, 'T12-L645646', 'T12-TL645646'),
('T12', 'L646', 'L647', 0, 1, 'T12-L646647', 'T12-TL646647'),
('T12', 'L647', 'L648', 1, 1, 'T12-L647648', 'T12-TL647648'),
('T12', 'L648', 'L649', 1, 2, 'T12-L648649', 'T12-TL648649'),
('T12', 'L649', 'L650', 0, 1, 'T12-L649650', 'T12-TL649650'),
('T12', 'L650', 'L651', 1, 1, 'T12-L650651', 'T12-TL650651'),
('T12', 'L651', 'L652', 1, 2, 'T12-L651652', 'T12-TL651652'),
('T12', 'L652', 'L653', 1, 2, 'T12-L652653', 'T12-TL652653'),
('T12', 'L653', 'L654', 0, 1, 'T12-L653654', 'T12-TL653654'),
('T12', 'L654', 'L655', 1, 2, 'T12-L654655', 'T12-TL654655'),
('T12', 'L655', 'L656', 0, 1, 'T12-L655656', 'T12-TL655656'),
('T12', 'L656', 'L657', 0, 1, 'T12-L656657', 'T12-TL656657'),
('T12', 'L657', 'L658', 1, 1, 'T12-L657658', 'T12-TL657658'),
('T12', 'L658', 'L659', 0, 1, 'T12-L658659', 'T12-TL658659'),
('T12', 'L659', 'L660', 1, 1, 'T12-L659660', 'T12-TL659660'),
('T12', 'L660', 'L661', 0, 1, 'T12-L660661', 'T12-TL660661'),
('T12', 'L661', 'L662', 1, 1, 'T12-L661662', 'T12-TL661662'),
('T12', 'L662', 'L663', 0, 1, 'T12-L662663', 'T12-TL662663'),
('T12', 'L663', 'L664', 1, 2, 'T12-L663664', 'T12-TL663664'),
('T12', 'L664', 'L665', 0, 1, 'T12-L664665', 'T12-TL664665'),
('T12', 'L665', 'L666', 0, 1, 'T12-L665666', 'T12-TL665666'),
('T12', 'L666', 'L667', 0, 1, 'T12-L666667', 'T12-TL666667'),
('T12', 'L667', 'L668', 0, 1, 'T12-L667668', 'T12-TL667668'),
('T12', 'L668', 'L669', 0, 1, 'T12-L668669', 'T12-TL668669'),
('T12', 'L669', 'L670', 1, 1, 'T12-L669670', 'T12-TL669670'),
('T12', 'L670', 'L671', 0, 1, 'T12-L670671', 'T12-TL670671'),
('T13', 'L505', 'L506', 0, 1, 'T13-L505506', 'T13-TL505506'),
('T13', 'L506', 'L507', 0, 1, 'T13-L506507', 'T13-TL506507'),
('T13', 'L507', 'L508', 1, 2, 'T13-L507508', 'T13-TL507508'),
('T13', 'L508', 'L509', 0, 1, 'T13-L508509', 'T13-TL508509'),
('T13', 'L509', 'L510', 0, 1, 'T13-L509510', 'T13-TL509510'),
('T13', 'L510', 'L511', 0, 1, 'T13-L510511', 'T13-TL510511'),
('T13', 'L511', 'L512', 0, 1, 'T13-L511512', 'T13-TL511512'),
('T13', 'L512', 'L513', 1, 1, 'T13-L512513', 'T13-TL512513'),
('T13', 'L513', 'L514', 0, 1, 'T13-L513514', 'T13-TL513514'),
('T13', 'L514', 'L515', 0, 1, 'T13-L514515', 'T13-TL514515'),
('T13', 'L515', 'L516', 0, 1, 'T13-L515516', 'T13-TL515516'),
('T13', 'L516', 'L517', 1, 1, 'T13-L516517', 'T13-TL516517'),
('T13', 'L517', 'L518', 1, 2, 'T13-L517518', 'T13-TL517518'),
('T13', 'L518', 'L519', 0, 1, 'T13-L518519', 'T13-TL518519'),
('T13', 'L519', 'L520', 1, 1, 'T13-L519520', 'T13-TL519520'),
('T13', 'L520', 'L521', 1, 2, 'T13-L520521', 'T13-TL520521'),
('T13', 'L521', 'L522', 1, 2, 'T13-L521522', 'T13-TL521522'),
('T13', 'L522', 'L523', 0, 1, 'T13-L522523', 'T13-TL522523'),
('T13', 'L523', 'L524', 0, 1, 'T13-L523524', 'T13-TL523524'),
('T13', 'L524', 'L525', 0, 1, 'T13-L524525', 'T13-TL524525'),
('T13', 'L525', 'L526', 0, 1, 'T13-L525526', 'T13-TL525526'),
('T13', 'L526', 'L527', 0, 1, 'T13-L526527', 'T13-TL526527'),
('T13', 'L527', 'L528', 1, 1, 'T13-L527528', 'T13-TL527528'),
('T13', 'L528', 'L529', 0, 1, 'T13-L528529', 'T13-TL528529'),
('T13', 'L529', 'L530', 0, 1, 'T13-L529530', 'T13-TL529530'),
('T13', 'L530', 'L531', 0, 1, 'T13-L530531', 'T13-TL530531'),
('T13', 'L531', 'L532', 1, 1, 'T13-L531532', 'T13-TL531532'),
('T13', 'L532', 'L533', 1, 1, 'T13-L532533', 'T13-TL532533'),
('T13', 'L533', 'L534', 1, 2, 'T13-L533534', 'T13-TL533534'),
('T13', 'L534', 'L535', 0, 1, 'T13-L534535', 'T13-TL534535'),
('T13', 'L535', 'L536', 1, 1, 'T13-L535536', 'T13-TL535536'),
('T6B', 'L370', 'L371', 1, 2, 'T14-L370371', 'T14-TL370371'),
('T6B', 'L371', 'L372', 1, 1, 'T14-L371372', 'T14-TL371372'),
('T6B', 'L372', 'L373', 0, 1, 'T14-L372373', 'T14-TL372373'),
('T6B', 'L373', 'L374', 1, 2, 'T14-L373374', 'T14-TL373374'),
('T6B', 'L374', 'L375', 0, 1, 'T14-L374375', 'T14-TL374375'),
('T6B', 'L375', 'L376', 1, 1, 'T14-L375376', 'T14-TL375376'),
('T6B', 'L376', 'L377', 1, 2, 'T14-L376377', 'T14-TL376377'),
('T6B', 'L377', 'L378', 0, 1, 'T14-L377378', 'T14-TL377378'),
('T6B', 'L378', 'L379', 0, 1, 'T14-L378379', 'T14-TL378379'),
('T6B', 'L379', 'L380', 0, 1, 'T14-L379380', 'T14-TL379380'),
('T6B', 'L380', 'L381', 1, 2, 'T14-L380381', 'T14-TL380381'),
('T6B', 'L381', 'L382', 1, 2, 'T14-L381382', 'T14-TL381382'),
('T6B', 'L382', 'L383', 1, 1, 'T14-L382383', 'T14-TL382383'),
('T6B', 'L383', 'L384', 0, 1, 'T14-L383384', 'T14-TL383384'),
('T6B', 'L384', 'L385', 1, 2, 'T14-L384385', 'T14-TL384385'),
('T6B', 'L385', 'L386', 0, 1, 'T14-L385386', 'T14-TL385386'),
('T6B', 'L386', 'L387', 0, 1, 'T14-L386387', 'T14-TL386387'),
('T6B', 'L387', 'L388', 0, 1, 'T14-L387388', 'T14-TL387388'),
('T6B', 'L388', 'L389', 0, 1, 'T14-L388389', 'T14-TL388389'),
('T6B', 'L389', 'L390', 0, 1, 'T14-L389390', 'T14-TL389390'),
('T6B', 'L390', 'L391', 0, 1, 'T14-L390391', 'T14-TL390391'),
('T6B', 'L391', 'L392', 0, 1, 'T14-L391392', 'T14-TL391392'),
('T6B', 'L392', 'L393', 1, 1, 'T14-L392393', 'T14-TL392393'),
('T6B', 'L393', 'L394', 1, 2, 'T14-L393394', 'T14-TL393394'),
('T6B', 'L394', 'L395', 0, 1, 'T14-L394395', 'T14-TL394395'),
('T6B', 'L395', 'L396', 1, 2, 'T14-L395396', 'T14-TL395396'),
('T6B', 'L396', 'L397', 1, 2, 'T14-L396397', 'T14-TL396397'),
('T6B', 'L397', 'L398', 0, 1, 'T14-L397398', 'T14-TL397398'),
('T6B', 'L398', 'L399', 0, 1, 'T14-L398399', 'T14-TL398399'),
('T6B', 'L399', 'L400', 1, 1, 'T14-L399400', 'T14-TL399400'),
('T6B', 'L400', 'L401', 0, 1, 'T14-L400401', 'T14-TL400401');

-- --------------------------------------------------------

--
-- Table structure for table `danhsachtuyen`
--

DROP TABLE IF EXISTS `danhsachtuyen`;
CREATE TABLE IF NOT EXISTS `danhsachtuyen` (
  `matuyen` varchar(10) COLLATE utf8_vietnamese_ci NOT NULL,
  `tentuyen` text COLLATE utf8_vietnamese_ci NOT NULL,
  `giokhoihanh` text COLLATE utf8_vietnamese_ci NOT NULL,
  `gioketthuc` text COLLATE utf8_vietnamese_ci NOT NULL,
  `matrambatdau` varchar(10) COLLATE utf8_vietnamese_ci NOT NULL,
  `matramketthuc` varchar(10) COLLATE utf8_vietnamese_ci NOT NULL,
  `tansuat` int(11) NOT NULL,
  `lotrinh` text COLLATE utf8_vietnamese_ci NOT NULL,
  `soluongxe` int(11) NOT NULL,
  `trangthai` bit(1) DEFAULT b'1',
  PRIMARY KEY (`matuyen`),
  KEY `fk_dstuyen_matrambatdau` (`matrambatdau`),
  KEY `fk_dstuyen_matramketthuc` (`matramketthuc`)
) ENGINE=InnoDB DEFAULT CHARSET=utf8 COLLATE=utf8_vietnamese_ci;

--
-- Dumping data for table `danhsachtuyen`
--

INSERT INTO `danhsachtuyen` (`matuyen`, `tentuyen`, `giokhoihanh`, `gioketthuc`, `matrambatdau`, `matramketthuc`, `tansuat`, `lotrinh`, `soluongxe`, `trangthai`) VALUES
('T1', 'Trần Quý Cáp-Suối Mơ', '5:40', '18:40', 'L1', 'L38', 30, 'Trần Quý Cáp (Chợ Lớn) - ĐH Quang Trung - Trần Hưng Đạo - CĐ Bình Định - Hùng Vương - Ngã 3 Phú Tài - Ngã 3 Hầm Dầu - Khu CN Phú Tài - Trường Lâm Nghiệp - Suối Mơ và ngược lại.', 6, b'1'),
('T10', 'Phù Cát - Quy Nhơn', '6:00', '18:10', 'L312', 'L369', 60, 'Chợ Gồm Phù Cát-An Nhơn-Tuy Phước-Trung tâm thương mại Quy Nhơn', 6, b'1'),
('T12', 'Quy Nhơn - Tam Quan', '5:30', '20:20', 'L207', 'L671', 45, 'Siêu thị Quy Nhơn - Nguyễn Tất Thành - An Dương Vương - ĐH Quy Nhơn - Bệnh viện Quân Y 13 - Tây Sơn - Bến xe trung tâm tỉnh - Hùng Vương - Ngã 3 Phú Tài - Quốc lộ 1A - Diêu Trì - Đập Đá - Gò Găng - Phù Cát - Phù Mỹ - Bồng Sơn - Tam Quan và ngược lại.', 6, b'1'),
('T13', 'Bồng Sơn-An Lão', '6:00', '18:10', 'L505', 'L536', 60, 'BVĐK khu vực Bồng Sơn - đường Trần Hưng Đạo, thị trấn Bồng Sơn đến tỉnh lộ 629 - Ân Hảo - Xuân Phong - An Hòa - An Tân - Bưu điện An Lão (An Lão) và ngược lại', 6, b'1'),
('T2', 'Chợ Lớn- Trường Lâm nghiệp', '5:30', '19:05', 'L39', 'L73', 30, 'Chợ Lớn - Trường chính trị Tỉnh - Lê Hồng Phong - Sân Vận Động Quy Nhơn - CV Quang Trung - Lý Thường Kiệt - Nguyễn Thái Học - An Dương Vương - ĐH Quy Nhơn - BV Quân Y 13 - Bến Xe Trung Tâm - Tây Sơn - Trường dạy lái xe - Ngã 3 Phú Tài - QL 1A - Trường Lâm Nghiệp và ngược lại.', 6, b'0'),
('T3', 'Đường 31.3-Trường Lâm Nghiệp', '5:25', '19:45', 'L39', 'L35', 30, 'Chợ Lớn - Lê Thánh Tôn - BV Đa Khoa Tỉnh - Nguyễn Tất Thnh - Siêu Thị Quy Nhơn - CV Quang Trung - Phan Đình Phùng - Đống Đa - Trần Hưng Đạo - Ngã 3 Ông Thọ - QL 19 - Ngã 4 Tuy Phước - Tỉnh lộ 640 - Cầu Ông Đô - Ga Diêu Trì - Phú Tài - Trường Lâm Nghiệp và Ngược lại.', 6, b'1'),
('T4', 'Cảng Thị Nại - Gò Găng', '5:00', '18:50', 'L141', 'L181', 30, 'Cảng Thị Nại - Trần Hưng Đạo - BV Đa khoa TP Quy Nhơn - ĐH Quang Trung - Lê Lợi - Nguyễn Huệ - BV Đa Khoa Tỉnh - Nguyễn Tất Thành - Siêu Thị Quy Nhơn - Hội chợ triển lãm - Lý Thường Kiệt - CV Quang Trung - Ỷ Lan - Đống Đa - Trần Hưng Đạo - Cao Đẳng Bình Định - Hùng Vương - Ngã 3 Phú Tài - Ngã 3 Diêu Trì - Ga Diêu Trì - Ngã 4 Cầu Bà Di - Bình Định - Đập Đá - Gò Găng và ngược lại.', 6, b'1'),
('T5', ' Cụm TTCN Quang Trung (tuyến chạy nội thành)', '5:40', '19:10', 'L182', 'L211', 45, 'Chợ Xóm Tiêu - Thành Thái - Hoàng Văn Thụ - Tây Sơn - Bến Xe Trung Tâm - An Dương Vương - ĐH Quy Nhơn - Lê Duẩn - Siêu Thị Quy Nhơn - BV Đa Khoa Tỉnh - Lê Lợi - Trần Hưng Đạo - ĐH Quang Trung - BV Đa Khoa Thành Phố - Khu 1 và ngược lại.', 3, b'1'),
('T6', ' Quy Nhơn-Đồng Phó (Tây Sơn)', '4:50', '19:50', 'L212', 'L370', 30, 'Chợ Lớn - Lê Thánh Tôn - Chợ Cháo - BV Đa Khoa Tỉnh - Siêu Thị - CV Quang Trung - Ỷ Lan - Đống Đa - Trần Hưng Đạo - Ngã 3 Ông Thọ - QL 19 - Ngã 4 Tuy Phước - Cầu Bà Di - Phú Phong - Đồng Phó - Cầu 16 và ngược lại.', 8, b'1'),
('T6B', 'Cầu 16-Vĩnh Hảo (Vĩnh Thạnh)', '5:40', '19:10', 'L370', 'L401', 45, 'Cầu 16 - Tỉnh lộ 637 - Định Bình - Vĩnh Thạnh - Vĩnh Hảo và ngược lại.', 3, b'1'),
('T7', 'Quy Nhơn - Gò Bồi (Tuy Phước) - Cát Tiến (Phù Cát)', '05:30:00', '19:00:00', 'L74', 'L106', 60, 'Chợ Lớn - ĐH Quang Trung - Lê Lợi - BV Đa Khoa Tỉnh - Siêu Thị Quy Nhơn - An Dương Vương - ĐH Quy Nhơn - BV Quân Y 13 - BX Trung Tâm Quy Nhơn - Tây Sơn - Trường Dạy Lái Xe - Ngã 3 Phú Tài - Diêu Trì - Ga Diêu Trì - Cầu Ông Đô - Ngã 4 Tuy Phước - Gò Bồi - Chùa Ông Núi - Cát Tiến và ngược lại.', 6, b'1'),
('T8', 'Quy Nhơn-Diêu Trì-Vân Canh', '05:15:00', '18:50:00', 'L265', 'L311', 50, 'Siêu Thị Quy Nhơn - ĐH Quy Nhơn - BV Quân Y 13 - BX Trung Tâm - Trường Dạy Lái Xe - Ngã 3 Phú Tài - Ngã 3 Diêu Trì - Phước An - Canh Vinh - Vân Canh và ngược lại.', 4, b'1'),
('T9', ' Quy Nhơn - Chí Thạnh (Phú Yên)', '5:30', '19:05', 'L265', 'L504', 60, 'Siêu Thị Quy Nhơn - ĐH Quy Nhơn - BV Quân Y 13 - BX Trung Tâm Quy Nhơn - Quốc Lộ 1D - Bãi Bàu - Bãi Dại - Bãi Xép - QL 1A - Xuân Cảnh - TX Sông Cầu - Chí Thạnh và ngược lại.', 6, b'1');

-- --------------------------------------------------------

--
-- Table structure for table `hoadon`
--

DROP TABLE IF EXISTS `hoadon`;
CREATE TABLE IF NOT EXISTS `hoadon` (
  `ngay` date NOT NULL,
  `mahoadon` varchar(50) COLLATE utf8_vietnamese_ci NOT NULL,
  `tendangnhap` varchar(100) COLLATE utf8_vietnamese_ci NOT NULL,
  `matuyen` varchar(10) COLLATE utf8_vietnamese_ci NOT NULL,
  `maxe` varchar(10) COLLATE utf8_vietnamese_ci NOT NULL,
  `matramdi` varchar(10) COLLATE utf8_vietnamese_ci NOT NULL,
  `matramden` varchar(10) COLLATE utf8_vietnamese_ci NOT NULL,
  `chiphi` float NOT NULL,
  PRIMARY KEY (`mahoadon`),
  KEY `fk_hd_mataikhoan` (`tendangnhap`),
  KEY `fk_hd_matuyen` (`matuyen`),
  KEY `fk_hd_maxe` (`maxe`),
  KEY `fk_hd_matramdi` (`matramdi`),
  KEY `fk_hd_matramden` (`matramden`)
) ENGINE=InnoDB DEFAULT CHARSET=utf8 COLLATE=utf8_vietnamese_ci;

-- --------------------------------------------------------

--
-- Table structure for table `lotrinh`
--

DROP TABLE IF EXISTS `lotrinh`;
CREATE TABLE IF NOT EXISTS `lotrinh` (
  `matuyen` varchar(10) COLLATE utf8_vietnamese_ci NOT NULL,
  `maxe` varchar(10) COLLATE utf8_vietnamese_ci NOT NULL,
  `giokhoihanh` text COLLATE utf8_vietnamese_ci NOT NULL,
  `gioketthuc` text COLLATE utf8_vietnamese_ci NOT NULL,
  `matramkhoihanh` varchar(10) COLLATE utf8_vietnamese_ci NOT NULL,
  KEY `fk_lt_maxe` (`maxe`),
  KEY `fk_lt_matuyen` (`matuyen`),
  KEY `fk_lt_matramkhoihanh` (`matramkhoihanh`)
) ENGINE=InnoDB DEFAULT CHARSET=utf8 COLLATE=utf8_vietnamese_ci;

--
-- Dumping data for table `lotrinh`
--

INSERT INTO `lotrinh` (`matuyen`, `maxe`, `giokhoihanh`, `gioketthuc`, `matramkhoihanh`) VALUES
('T1', 'T1X1', '05:40', '06:30', 'L1'),
('T1', 'T1X2', '06:10', '07:00', 'L1'),
('T1', 'T1X3', '06:40', '07:30', 'L1'),
('T1', 'T1X4', '07:10', '08:00', 'L1'),
('T1', 'T1X5', '07:35', '08:25', 'L1'),
('T1', 'T1X6', '08:00', '08:50', 'L1'),
('T1', 'T1X1', '08:30', '09:20', 'L1'),
('T1', 'T1X2', '09:00', '09:50', 'L1'),
('T1', 'T1X3', '09:20', '10:10', 'L1'),
('T1', 'T1X4', '09:50', '10:40', 'L1'),
('T1', 'T1X5', '10:20', '11:10', 'L1'),
('T1', 'T1X6', '10:55', '11:45', 'L1'),
('T1', 'T1X1', '11:20', '12:10', 'L1'),
('T1', 'T1X2', '11:45', '12:35', 'L1'),
('T1', 'T1X3', '13:00', '13:50', 'L1'),
('T1', 'T1X4', '13:20', '14:10', 'L1'),
('T1', 'T1X5', '13:55', '14:45', 'L1'),
('T1', 'T1X6', '14:25', '15:15', 'L1'),
('T1', 'T1X1', '14:55', '15:45', 'L1'),
('T1', 'T1X2', '15:25', '16:15', 'L1'),
('T1', 'T1X3', '16:00', '16:50', 'L1'),
('T1', 'T1X4', '16:30', '17:20', 'L1'),
('T1', 'T1X5', '17:00', '17:50', 'L1'),
('T1', 'T1X6', '17:25', '18:15', 'L1'),
('T1', 'T1X4', '05:40', '06:30', 'L38'),
('T1', 'T1X5', '06:00', '06:50', 'L38'),
('T1', 'T1X6', '06:35', '07:25', 'L38'),
('T1', 'T1X1', '07:10', '08:00', 'L38'),
('T1', 'T1X2', '07:35', '08:25', 'L38'),
('T1', 'T1X3', '08:05', '08:55', 'L38'),
('T1', 'T1X4', '08:30', '09:20', 'L38'),
('T1', 'T1X5', '09:00', '09:50', 'L38'),
('T1', 'T1X6', '09:30', '10:20', 'L38'),
('T1', 'T1X4', '09:50', '10:40', 'L38'),
('T1', 'T1X5', '10:20', '11:10', 'L38'),
('T1', 'T1X6', '10:45', '11:35', 'L38'),
('T1', 'T1X1', '11:20', '12:10', 'L38'),
('T1', 'T1X2', '11:45', '12:35', 'L38'),
('T1', 'T1X3', '13:05', '13:55', 'L38'),
('T1', 'T1X4', '13:35', '14:25', 'L38'),
('T1', 'T1X5', '14:00', '14:50', 'L38'),
('T1', 'T1X6', '14:20', '15:10', 'L38'),
('T1', 'T1X4', '14:55', '15:45', 'L38'),
('T1', 'T1X5', '15:20', '16:10', 'L38'),
('T1', 'T1X6', '15:55', '16:45', 'L38'),
('T1', 'T1X1', '16:25', '17:15', 'L38'),
('T1', 'T1X2', '17:05', '17:55', 'L38'),
('T1', 'T1X3', '17:50', '18:40  ', 'L38'),
('T2', 'T2X1', '05:30', '06:30', 'L39'),
('T2', 'T2X2', '06:00', '07:00', 'L39'),
('T2', 'T2X3', '06:35', '07:35', 'L39'),
('T2', 'T2X4', '07:10', '08:10', 'L39'),
('T2', 'T2X5', '07:40', '08:40', 'L39'),
('T2', 'T2X6', '08:15', '09:15', 'L39'),
('T2', 'T2X1', '08:45', '09:45', 'L39'),
('T2', 'T2X2', '09:20', '10:20', 'L39'),
('T2', 'T2X3', '09:50', '10:50', 'L39'),
('T2', 'T2X4', '10:25', '11:25', 'L39'),
('T2', 'T2X5', '11:00', '12:00', 'L39'),
('T2', 'T2X6', '11:30', '12:30', 'L39'),
('T2', 'T2X1', '12:45', '13:45', 'L39'),
('T2', 'T2X2', '13:15', '14:15', 'L39'),
('T2', 'T2X3', '13:50', '14:50', 'L39'),
('T2', 'T2X4', '14:20', '15:20', 'L39'),
('T2', 'T2X5', '14:55', '15:55', 'L39'),
('T2', 'T2X6', '15:25', '16:25', 'L39'),
('T2', 'T2X1', '16:00', '17:00', 'L39'),
('T2', 'T2X2', '16:30', '17:30', 'L39'),
('T2', 'T2X3', '17:05', '18:05', 'L39'),
('T2', 'T2X4', '17:30', '18:30', 'L39'),
('T2', 'T2X5', '18:05', '19:05', 'L39'),
('T2', 'T2X4', '05:30', '06:30', 'L73'),
('T2', 'T2X5', '06:00', '07:00', 'L73'),
('T2', 'T2X6', '06:35', '07:35', 'L73'),
('T2', 'T2X1', '07:10', '08:10', 'L73'),
('T2', 'T2X2', '07:40', '08:40', 'L73'),
('T2', 'T2X3', '08:15', '09:15', 'L73'),
('T2', 'T2X4', '08:45', '09:45', 'L73'),
('T2', 'T2X5', '09:20', '10:20', 'L73'),
('T2', 'T2X6', '09:50', '10:50', 'L73'),
('T2', 'T2X1', '10:25', '11:25', 'L73'),
('T2', 'T2X2', '11:00', '12:00', 'L73'),
('T2', 'T2X3', '11:30', '12:30', 'L73'),
('T2', 'T2X4', '12:45', '13:45', 'L73'),
('T2', 'T2X5', '13:15', '14:15', 'L73'),
('T2', 'T2X6', '13:50', '14:50', 'L73'),
('T2', 'T2X1', '14:20', '15:20', 'L73'),
('T2', 'T2X2', '14:55', '15:55', 'L73'),
('T2', 'T2X3', '15:25', '16:25', 'L73'),
('T2', 'T2X4', '16:00', '17:00', 'L73'),
('T2', 'T2X5', '16:30', '17:30', 'L73'),
('T2', 'T2X6', '17:05', '18:05', 'L73'),
('T2', 'T2X1', '17:30', '18:30', 'L73'),
('T2', 'T2X2', '18:05', '19:05', 'L73'),
('T3', 'T3X1', '05:25', '06:30', 'L39'),
('T3', 'T3X2', '06:00', '07:10', 'L39'),
('T3', 'T3X3', '06:35', '07:40', 'L39'),
('T3', 'T3X4', '07:15', '08:20', 'L39'),
('T3', 'T3X5', '07:50', '08:55', 'L39'),
('T3', 'T3X6', '08:25', '09:30', 'L39'),
('T3', 'T3X1', '09:00', '10:05', 'L39'),
('T3', 'T3X2', '09:35', '10:40', 'L39'),
('T3', 'T3X3', '10:10', '11:15', 'L39'),
('T3', 'T3X4', '10:55', '12:00', 'L39'),
('T3', 'T3X5', '11:25', '12:30', 'L39'),
('T3', 'T3X6', '12:45', '13:55', 'L39'),
('T3', 'T3X1', '13:25', '14:30', 'L39'),
('T3', 'T3X2', '14:00', '15:05', 'L39'),
('T3', 'T3X3', '14:40', '15:45', 'L39'),
('T3', 'T3X4', '15:15', '16:20', 'L39'),
('T3', 'T3X5', '15:50', '16:55', 'L39'),
('T3', 'T3X6', '16:30', '17:35', 'L39'),
('T3', 'T3X1', '17:00', '18:05 ', 'L39'),
('T3', 'T3X2', '17:30', '18:30', 'L39'),
('T3', 'T3X4', '05:25', '06:30', 'L35'),
('T3', 'T3X5', '06:05', '07:10', 'L35'),
('T3', 'T3X6', '06:40', '07:45', 'L35'),
('T3', 'T3X1', '07:15', '08:20', 'L35'),
('T3', 'T3X2', '07:50', '08:55', 'L35'),
('T3', 'T3X3', '08:25', '09:30', 'L35'),
('T3', 'T3X4', '09:00', '10:05', 'L35'),
('T3', 'T3X5', '09:35', '10:40', 'L35'),
('T3', 'T3X6', '10:10', '11:15', 'L35'),
('T3', 'T3X1', '10:55', '12:00', 'L35'),
('T3', 'T3X2', '11:25', '12:30', 'L35'),
('T3', 'T3X3', '12:50', '13:55', 'L35'),
('T3', 'T3X4', '13:25', '14:30', 'L35'),
('T3', 'T3X5', '14:00', '15:05', 'L35'),
('T3', 'T3X6', '14:40', '15:45', 'L35'),
('T3', 'T3X1', '15:15', '16:20', 'L35'),
('T3', 'T3X2', '15:50', '16:55', 'L35'),
('T3', 'T3X3', '16:25', '17:30', 'L35'),
('T3', 'T3X4', '17:10', '18:15', 'L35'),
('T3', 'T3X5', '18:00', '19:05', 'L35'),
('T3', 'T3X6', '18:40', '19:45', 'L35'),
('T4', 'T4X1', '05:00', '06:20', 'L141'),
('T4', 'T4X2', '05:35', '06:55', 'L141'),
('T4', 'T4X3', '06:10', '07:30', 'L141'),
('T4', 'T4X4', '06:40', '08:00', 'L141'),
('T4', 'T4X5', '07:20', '08:40', 'L141'),
('T4', 'T4X6', '07:55', '09:15', 'L141'),
('T4', 'T4X1', '08:30', '09:50', 'L141'),
('T4', 'T4X2', '09:10', '10:30', 'L141'),
('T4', 'T4X3', '09:45', '11:05', 'L141'),
('T4', 'T4X4', '10:25', '11:45', 'L141'),
('T4', 'T4X5', '11:00', '12:20', 'L141'),
('T4', 'T4X6', '11:35', '12:55', 'L141'),
('T4', 'T4X1', '13:00', '14:20', 'L141'),
('T4', 'T4X2', '13:35', '14:55', 'L141'),
('T4', 'T4X3', '14:10', '15:30', 'L141'),
('T4', 'T4X4', '14:45', '16:05', 'L141'),
('T4', 'T4X5', '15:20', '16:40', 'L141'),
('T4', 'T4X6', '15:55', '17:15', 'L141'),
('T4', 'T4X1', '16:30', '17:50', 'L141'),
('T4', 'T4X2', '17:05', '18:25', 'L141'),
('T4', 'T4X3', '17:40', '19:00', 'L141'),
('T4', 'T4X4', '05:10', '06:30', 'L181'),
('T4', 'T4X5', '05:45', '07:05', 'L181'),
('T4', 'T4X6', '06:15', '07:35', 'L181'),
('T4', 'T4X1', '06:45', '08:05', 'L181'),
('T4', 'T4X2', '07:20', '08:40', 'L181'),
('T4', 'T4X3', '07:55', '09:15', 'L181'),
('T4', 'T4X4', '08:30', '09:50', 'L181'),
('T4', 'T4X5', '09:05', '10:25', 'L181'),
('T4', 'T4X6', '09:40', '11:00', 'L181'),
('T4', 'T4X1', '10:15', '11:35', 'L181'),
('T4', 'T4X2', '11:00', '12:20', 'L181'),
('T4', 'T4X3', '11:30', '12:50', 'L181'),
('T4', 'T4X4', '13:20', '14:40', 'L181'),
('T4', 'T4X5', '13:50', '15:10', 'L181'),
('T4', 'T4X6', '14:20', '15:40', 'L181'),
('T4', 'T4X1', '14:50', '16:10', 'L181'),
('T4', 'T4X2', '15:30', '16:50', 'L181'),
('T4', 'T4X3', '16:00', '17:20', 'L181'),
('T4', 'T4X4', '16:35', '17:55', 'L181'),
('T4', 'T4X5', '17:05', '18:25', 'L181'),
('T4', 'T4X6', '17:30', '18:50', 'L181'),
('T6', 'T6X1', '04:50', '06:55', 'L212'),
('T6', 'T6X2', '05:35', '07:30', 'L212'),
('T6', 'T6X3', '06:10', '08:05', 'L212'),
('T6', 'T6X4', '06:40', '08:35', 'L212'),
('T6', 'T6X5', '07:10', '09:05', 'L212'),
('T6', 'T6X6', '07:40', '09:35', 'L212'),
('T6', 'T6X7', '08:10', '10:05', 'L212'),
('T6', 'T6X8', '08:40', '10:35', 'L212'),
('T6', 'T6X1', '09:15', '11:10', 'L212'),
('T6', 'T6X2', '09:50', '11:45', 'L212'),
('T6', 'T6X3', '10:25', '12:20', 'L212'),
('T6', 'T6X4', '11:05', '13:00', 'L212'),
('T6', 'T6X5', '11:35', '13:30', 'L212'),
('T6', 'T6X6', '12:45', '14:40', 'L212'),
('T6', 'T6X7', '13:15', '15:10', 'L212'),
('T6', 'T6X8', '13:45', '15:40', 'L212'),
('T6', 'T6X1', '14:15', '16:10', 'L212'),
('T6', 'T6X2', '14:50', '16:45', 'L212'),
('T6', 'T6X3', '15:25', '17:20', 'L212'),
('T6', 'T6X4', '16:00', '17:55', 'L212'),
('T6', 'T6X5', '16:35', '18:30', 'L212'),
('T6', 'T6X6', '17:05', '19:00', 'L212'),
('T6', 'T6X7', '17:40', '19:35', 'L212'),
('T6', 'T6X5', '05:00', '06:55', 'L370'),
('T6', 'T6X6', '05:35', '07:30', 'L370'),
('T6', 'T6X7', '06:10', '08:05', 'L370'),
('T6', 'T6X8', '06:40', '08:35', 'L370'),
('T6', 'T6X1', '07:10', '09:05', 'L370'),
('T6', 'T6X2', '07:40', '09:35', 'L370'),
('T6', 'T6X3', '08:15', '10:10', 'L370'),
('T6', 'T6X4', '08:50', '10:45', 'L370'),
('T6', 'T6X5', '09:20', '11:15', 'L370'),
('T6', 'T6X6', '09:50', '11:45', 'L370'),
('T6', 'T6X7', '10:25', '12:20', 'L370'),
('T6', 'T6X8', '11:00', '12:55', 'L370'),
('T6', 'T6X1', '11:30', '13:25', 'L370'),
('T6', 'T6X2', '12:45', '14:40', 'L370'),
('T6', 'T6X3', '13:15', '15:10', 'L370'),
('T6', 'T6X4', '13:45', '15:40', 'L370'),
('T6', 'T6X5', '14:15', '16:10', 'L370'),
('T6', 'T6X6', '14:50', '16:45', 'L370'),
('T6', 'T6X7', '15:25', '17:20', 'L370'),
('T6', 'T6X8', '16:00', '17:55', 'L370'),
('T6', 'T6X1', '16:35', '18:30', 'L370'),
('T6', 'T6X2', '17:15', '19:10', 'L370'),
('T6', 'T6X3', '17:55', '19:50', 'L370'),
('T7', 'T7X1', '05:30', '07:00', 'L74'),
('T7', 'T7X2', '06:30', '08:00', 'L74'),
('T7', 'T7X3', '07:20', '08:50', 'L74'),
('T7', 'T7X4', '08:10', '09:40', 'L74'),
('T7', 'T7X5', '09:00', '10:30', 'L74'),
('T7', 'T7X6', '09:50', '11:20', 'L74'),
('T7', 'T7X1', '10:40', '12:10', 'L74'),
('T7', 'T7X2', '11:30', '13:00', 'L74'),
('T7', 'T7X3', '13:00', '14:30', 'L74'),
('T7', 'T7X4', '13:50', '15:20', 'L74'),
('T7', 'T7X5', '14:40', '16:10', 'L74'),
('T7', 'T7X6', '15:30', '17:00', 'L74'),
('T7', 'T7X1', '16:30', '18:00', 'L74'),
('T7', 'T7X2', '17:30', '19:00', 'L74'),
('T7', 'T7X4', '05:40', '07:10', 'L106'),
('T7', 'T7X5', '06:30', '08:00', 'L106'),
('T7', 'T7X6', '07:10', '08:40', 'L106'),
('T7', 'T7X1', '08:10', '09:40', 'L106'),
('T7', 'T7X2', '09:00', '10:30', 'L106'),
('T7', 'T7X3', '09:50', '11:20', 'L106'),
('T7', 'T7X4', '10:40', '12:10', 'L106'),
('T7', 'T7X5', '11:30', '13:00', 'L106'),
('T7', 'T7X6', '13:00', '14:30', 'L106'),
('T7', 'T7X1', '13:50', '15:20', 'L106'),
('T7', 'T7X2', '14:40', '16:10', 'L106'),
('T7', 'T7X3', '15:30', '17:00', 'L106'),
('T7', 'T7X4', '16:30', '18:00', 'L106'),
('T7', 'T7X5', '17:30', '19:00', 'L106'),
('T8', 'T8X1', '05:15', '06:45', 'L265'),
('T8', 'T8X2', '06:50', '08:20', 'L265'),
('T8', 'T8X3', '08:25', '09:55', 'L265'),
('T8', 'T8X4', '10:00', '11:30', 'L265'),
('T8', 'T8X1', '11:35', '13:05', 'L265'),
('T8', 'T8X2', '13:50', '15:20', 'L265'),
('T8', 'T8X3', '15:30', '17:00', 'L265'),
('T8', 'T8X4', '17:20', '18:50', 'L265'),
('T8', 'T8X3', '05:15', '06:45', 'L311'),
('T8', 'T8X4', '06:50', '08:20', 'L311'),
('T8', 'T8X1', '08:25', '09:55', 'L311'),
('T8', 'T8X2', '10:00', '11:30', 'L311'),
('T8', 'T8X3', '11:35', '13:05', 'L311'),
('T8', 'T8X4', '13:50', '15:20', 'L311'),
('T8', 'T8X3', '15:30', '17:00', 'L311'),
('T8', 'T8X4', '17:20', '18:50', 'L311'),
('T9', 'T9X1', '05:30', '07:20', 'L265'),
('T9', 'T9X2', '06:20', '08:10', 'L265'),
('T9', 'T9X3', '07:35', '09:25', 'L265'),
('T9', 'T9X4', '08:30', '10:20', 'L265'),
('T9', 'T9X5', '09:20', '11:10', 'L265'),
('T9', 'T9X6', '10:05', '11:55', 'L265'),
('T9', 'T9X1', '11:30', '13:20', 'L265'),
('T9', 'T9X2', '13:15', '15:05', 'L265'),
('T9', 'T9X3', '14:10', '16:00', 'L265'),
('T9', 'T9X4', '15:10', '17:00', 'L265'),
('T9', 'T9X5', '16:05', '17:55', 'L265'),
('T9', 'T9X6', '17:15', '19:05', 'L265'),
('T9', 'T9X4', '05:30', '07:20', 'L504'),
('T9', 'T9X5', '06:30', '08:20', 'L504'),
('T9', 'T9X6', '07:30', '09:20', 'L504'),
('T9', 'T9X1', '08:15', '10:15', 'L504'),
('T9', 'T9X2', '09:30', '11:20', 'L504'),
('T9', 'T9X3', '10:35', '12:25', 'L504'),
('T9', 'T9X4', '11:30', '13:20', 'L504'),
('T9', 'T9X5', '13:10', '15:00', 'L504'),
('T9', 'T9X6', '14:10', '16:00', 'L504'),
('T9', 'T9X1', '15:10', '17:00', 'L504'),
('T9', 'T9X2', '16:15', '18:05', 'L504'),
('T9', 'T9X3', '17:30', '19:05  ', 'L504'),
('T6B', 'T6BX1', '05:40', '06:15', 'L370'),
('T6B', 'T6BX3', '07:05', '07:40', 'L370'),
('T6B', 'T6BX2', '08:40', '09:15', 'L370'),
('T6B', 'T6BX1', '10:10', '10:45', 'L370'),
('T6B', 'T6BX3', '11:55', '12:30', 'L370'),
('T6B', 'T6BX2', '13:50', '14:25', 'L370'),
('T6B', 'T6BX1', '15:20', '15:55', 'L370'),
('T6B', 'T6BX3', '16:45', '17:20', 'L370'),
('T6B', 'T6BX2', '18:00', '18:35', 'L370'),
('T6B', 'T6BX1', '06:15', '06:50', 'L401'),
('T6B', 'T6BX3', '07:55', '08:30', 'L401'),
('T6B', 'T6BX2', '09:15', '09:50', 'L401'),
('T6B', 'T6BX1', '11:20', '11:55', 'L401'),
('T6B', 'T6BX3', '13:10', '13:45', 'L401'),
('T6B', 'T6BX2', '14:35', '15:10', 'L401'),
('T6B', 'T6BX1', '16:00', '16:35', 'L401'),
('T6B', 'T6BX3', '17:20', '17:55', 'L401'),
('T6B', 'T6BX2', '18:35', '19:10', 'L401'),
('T12', 'T12X1', '05:30', '07:20', 'L207'),
('T12', 'T12X2', '06:20', '08:10', 'L207'),
('T12', 'T12X3', '07:35', '09:25', 'L207'),
('T12', 'T12X4', '08:30', '10:20', 'L207'),
('T12', 'T12X5', '09:20', '11:10', 'L207'),
('T12', 'T12X6', '10:05', '11:55', 'L207'),
('T12', 'T12X1', '11:30', '13:20', 'L207'),
('T12', 'T12X2', '13:15', '15:05', 'L207'),
('T12', 'T12X3', '14:10', '16:00', 'L207'),
('T12', 'T12X4', '15:10', '17:00', 'L207'),
('T12', 'T12X5', '16:05', '17:55', 'L207'),
('T12', 'T12X6', '17:15', '19:05', 'L207'),
('T12', 'T12X4', '05:30', '07:20', 'L207'),
('T12', 'T12X5', '06:30', '08:20', 'L207'),
('T12', 'T12X6', '07:30', '09:20', 'L207'),
('T12', 'T12X1', '08:15', '10:15', 'L207'),
('T12', 'T12X4', '09:30', '11:20', 'L207'),
('T12', 'T12X3', '10:35', '12:25', 'L207'),
('T12', 'T12X4', '11:30', '13:20', 'L207'),
('T12', 'T12X5', '13:10', '15:00', 'L207'),
('T12', 'T12X6', '14:10', '16:00', 'L207'),
('T12', 'T12X1', '15:10', '17:00', 'L207'),
('T12', 'T12X2', '16:15', '18:05', 'L207'),
('T12', 'T12X5', '17:30', '19:05  ', 'L207'),
('T12', 'T12X1', '04:50', '07:55', 'L671'),
('T12', 'T12X2', '05:35', '08:40', 'L671'),
('T12', 'T12X3', '06:15', '09:20', 'L671'),
('T12', 'T12X4', '06:55', '10:00', 'L671'),
('T12', 'T12X5', '07:35', '10:40', 'L671'),
('T12', 'T12X6', '08:15', '11:20', 'L671'),
('T12', 'T12X7', '08:55', '12:00', 'L671'),
('T12', 'T12X8', '09:35', '12:40', 'L671'),
('T12', 'T12X1', '10:25', '13:30', 'L671'),
('T12', 'T12X2', '11:05', '14:10', 'L671'),
('T12', 'T12X3', '11:40', '14:45', 'L671'),
('T12', 'T12X6', '12:20', '15:25', 'L671'),
('T12', 'T12X5', '13:20', '16:25', 'L671'),
('T12', 'T12X6', '14:05', '17:10', 'L671'),
('T12', 'T12X7', '14:50', '17:55', 'L671'),
('T12', 'T12X8', '15:30', '18:35', 'L671'),
('T12', 'T12X1', '16:10', '19:15', 'L671'),
('T12', 'T12X2', '16:50', '19:55', 'L671'),
('T12', 'T12X3', '17:30', '20:35', 'L671'),
('T12', 'T12X5', '04:30', '07:35', 'L671'),
('T12', 'T12X6', '05:10', '08:15', 'L671'),
('T12', 'T12X7', '05:50', '08:55', 'L671'),
('T12', 'T12X8', '06:35', '09:40', 'L671'),
('T12', 'T12X1', '07:20', '10:25', 'L671'),
('T12', 'T12X2', '08:10', '11:15', 'L671'),
('T12', 'T12X3', '08:50', '11:55', 'L671'),
('T12', 'T12X6', '09:30', '12:35', 'L671'),
('T12', 'T12X5', '10:25', '13:30', 'L671'),
('T12', 'T12X8', '11:15', '14:20', 'L671'),
('T12', 'T12X7', '11:50', '14:55', 'L671'),
('T12', 'T12X8', '12:30', '15:35', 'L671'),
('T12', 'T12X1', '13:20', '16:25', 'L671'),
('T12', 'T12X2', '14:05', '17:10', 'L671'),
('T12', 'T12X3', '14:50', '17:55', 'L671'),
('T12', 'T12X5', '15:25', '18:30', 'L671'),
('T12', 'T12X6', '16:00', '19:05', 'L671'),
('T12', 'T12X7', '16:35', '19:40', 'L671'),
('T12', 'T12X8', '17:15', '20:20', 'L671'),
('T13', 'T13X1', '06:00', '07:00', 'L505'),
('T13', 'T13X2', '07:10', '08:10', 'L505'),
('T13', 'T13X3', '08:35', '09:35', 'L505'),
('T13', 'T13X4', '09:45', '10:45', 'L505'),
('T13', 'T13X5', '11:30', '12:30  ', 'L505'),
('T13', 'T13X6', '13:20', '14:20', 'L505'),
('T13', 'T13X1', '14:30', '15:30', 'L505'),
('T13', 'T13X2', '15:30', '16:30', 'L505'),
('T13', 'T13X3', '17:10', '18:10  ', 'L505'),
('T13', 'T13X4', '18:10', '19:10  ', 'L505'),
('T13', 'T13X4', '05:00', '06:00', 'L536'),
('T13', 'T13X5', '05:50', '06:50', 'L536'),
('T13', 'T13X6', '07:10', '08:10', 'L536'),
('T13', 'T13X1', '08:40', '09:40', 'L536'),
('T13', 'T13X2', '09:50', '10:50', 'L536'),
('T13', 'T13X3', '11:30', '12:30  ', 'L536'),
('T13', 'T13X4', '13:10', '14:10', 'L536'),
('T13', 'T13X4', '14:25', '15:25', 'L536'),
('T13', 'T13X5', '15:45', '16:45', 'L536'),
('T13', 'T13X6', '17:10', '18:10', 'L536'),
('T10', 'T10X1', '06:00', '07:00', 'L312'),
('T10', 'T10X2', '07:10', '08:10', 'L312'),
('T10', 'T10X3', '08:35', '09:35', 'L312'),
('T10', 'T10X4', '09:45', '10:45', 'L312'),
('T10', 'T10X5', '11:30', '12:30  ', 'L312'),
('T10', 'T10X6', '13:20', '14:20', 'L312'),
('T10', 'T10X1', '14:30', '15:30', 'L312'),
('T10', 'T10X2', '15:30', '16:30', 'L312'),
('T10', 'T10X3', '17:10', '18:10  ', 'L312'),
('T10', 'T10X4', '18:10', '19:10  ', 'L312'),
('T10', 'T10X4', '05:00', '06:00', 'L369'),
('T10', 'T10X5', '05:50', '06:50', 'L369'),
('T10', 'T10X6', '07:10', '08:10', 'L369'),
('T10', 'T10X1', '08:40', '09:40', 'L369'),
('T10', 'T10X2', '09:50', '10:50', 'L369'),
('T10', 'T10X3', '11:30', '12:30  ', 'L369'),
('T10', 'T10X4', '13:10', '14:10', 'L369'),
('T10', 'T10X4', '14:25', '15:25', 'L369'),
('T10', 'T10X5', '15:45', '16:45', 'L369'),
('T10', 'T10X6', '17:10', '18:10', 'L369'),
('T5', 'T5X1', '05:40', '06:15', 'L182'),
('T5', 'T5X3', '07:05', '07:40', 'L182'),
('T5', 'T5X2', '08:40', '09:15', 'L182'),
('T5', 'T5X1', '10:10', '10:45', 'L182'),
('T5', 'T5X3', '11:55', '12:30', 'L182'),
('T5', 'T5X2', '13:50', '14:25', 'L182'),
('T5', 'T5X1', '15:20', '15:55', 'L182'),
('T5', 'T5X3', '16:45', '17:20', 'L182'),
('T5', 'T5X2', '18:00', '18:35', 'L182'),
('T5', 'T5X1', '06:15', '06:50', 'L211'),
('T5', 'T5X3', '07:55', '08:30', 'L211'),
('T5', 'T5X2', '09:15', '09:50', 'L211'),
('T5', 'T5X1', '11:20', '11:55', 'L211'),
('T5', 'T5X3', '13:10', '13:45', 'L211'),
('T5', 'T5X2', '14:35', '15:10', 'L211'),
('T5', 'T5X1', '16:00', '16:35', 'L211'),
('T5', 'T5X3', '17:20', '17:55', 'L211'),
('T5', 'T5X2', '18:35', '19:10', 'L211');

-- --------------------------------------------------------

--
-- Table structure for table `taikhoan`
--

DROP TABLE IF EXISTS `taikhoan`;
CREATE TABLE IF NOT EXISTS `taikhoan` (
  `tendangnhap` varchar(100) COLLATE utf8_vietnamese_ci NOT NULL,
  `matkhau` text COLLATE utf8_vietnamese_ci NOT NULL,
  `hoten` text COLLATE utf8_vietnamese_ci,
  `ngaysinh` date DEFAULT NULL,
  `gioitinh` varchar(10) COLLATE utf8_vietnamese_ci DEFAULT NULL,
  `email` varchar(100) COLLATE utf8_vietnamese_ci NOT NULL,
  `sodu` float DEFAULT NULL,
  `quyen` varchar(10) COLLATE utf8_vietnamese_ci DEFAULT '1',
  PRIMARY KEY (`tendangnhap`)
) ENGINE=InnoDB DEFAULT CHARSET=utf8 COLLATE=utf8_vietnamese_ci;

--
-- Dumping data for table `taikhoan`
--

INSERT INTO `taikhoan` (`tendangnhap`, `matkhau`, `hoten`, `ngaysinh`, `gioitinh`, `email`, `sodu`, `quyen`) VALUES
('4251050009', '888e931d6360ee143df0d552f955299a', 'Tiểu Vũ', '2001-04-29', 'Nam', 'ungminhhoai29@gmail.com', 50, '1'),
('4251050029', '888e931d6360ee143df0d552f955299a', 'Healer', '2021-11-29', 'Nam', 'ungminhhoai29@gmail.com', 50, '1'),
('4251050036', '888e931d6360ee143df0d552f955299a', 'Tường', '2021-12-01', 'Nam', '', 1, '1'),
('4251050038', '888e931d6360ee143df0d552f955299a', 'Liễu', '2021-11-29', 'Nữ', '', 1, '1'),
('4251050044', 'a5a7158118e59ee590424b55bb9aed17', 'Ung Minh Hoài', '2001-04-29', 'Nam', 'ungminhhoai29@gmail.com', 500000, '0'),
('4251050045', 'b2a9a16d67bddbb905264b3136f3c831', 'Minh Hoài', '2021-12-28', 'Nam', 'ungminhhoai@gmail.com', 50, '1'),
('Healer', '888e931d6360ee143df0d552f955299a', 'Hoài', '2021-12-09', 'Nam', 'ungminhhoai29@gmail.com', 1, '0'),
('Tiểu Vũ', '888e931d6360ee143df0d552f955299a', 'Minh Hoài', '2021-12-15', 'Nam', 'ungminhhoai29@gmail.com', 50, '1'),
('UngMinhHoai', '888e931d6360ee143df0d552f955299a', 'Minh Hoài', '2021-12-31', 'Nam', 'ungminhhoai29@gmail.com', 50, '1'),
('Vũ', '888e931d6360ee143df0d552f955299a', 'TV', '2021-12-02', 'Nam', 'ungminhhoai29@gmail.com', 50, '1');

-- --------------------------------------------------------

--
-- Table structure for table `tuyent1`
--

DROP TABLE IF EXISTS `tuyent1`;
CREATE TABLE IF NOT EXISTS `tuyent1` (
  `matuyen` varchar(10) COLLATE utf8_vietnamese_ci NOT NULL,
  `matram` varchar(10) COLLATE utf8_vietnamese_ci NOT NULL,
  `tentram` text COLLATE utf8_vietnamese_ci NOT NULL,
  PRIMARY KEY (`matram`),
  KEY `fk_t1_matuyen` (`matuyen`)
) ENGINE=InnoDB DEFAULT CHARSET=utf8 COLLATE=utf8_vietnamese_ci;

--
-- Dumping data for table `tuyent1`
--

INSERT INTO `tuyent1` (`matuyen`, `matram`, `tentram`) VALUES
('T1', 'L1', 'Ngã 3 - Trần Quý Cáp - Trần Hưng Đạo'),
('T1', 'L10', 'Ngã 3 Võ Thị Sáu - Trần Hưng Đạo'),
('T1', 'L11', 'Ngã 3 Ông Thọ'),
('T1', 'L12', 'XD Trung Hậu'),
('T1', 'L13', 'Trạm xe khách Nhơn Phú'),
('T1', 'L14', 'Trường Cao đẳng sư phạm'),
('T1', 'L15', 'Tịnh xá quan âm'),
('T1', 'L16', 'Bệnh viện tâm thần'),
('T1', 'L17', 'Công viên Long Vân'),
('T1', 'L18', 'XD Ngọc Sương'),
('T1', 'L19', 'Trường THPT Hùng Vương'),
('T1', 'L2', '278 Trần Hưng Đạo'),
('T1', 'L20', 'Ngã 3 Phú Tài'),
('T1', 'L21', 'Bến xe 2/9'),
('T1', 'L22', 'Ngã 3 Hầm Dầu'),
('T1', 'L23', 'DN Duyên Hải'),
('T1', 'L24', 'Ngã 3 Cây Duối'),
('T1', 'L25', 'Công ty Quốc Thắng'),
('T1', 'L26', 'Cà phê Hương cau'),
('T1', 'L27', 'Trường TH Bùi Thị Xuân'),
('T1', 'L28', 'Chợ Phú Tài'),
('T1', 'L29', 'Nhà thờ Phú Tài'),
('T1', 'L3', 'Công an Trần Hưng Đạo'),
('T1', 'L30', 'Nghĩa trang Bùi Thị Xuân'),
('T1', 'L31', 'Công ty Sơn Hải'),
('T1', 'L32', 'Công ty COSEVSO'),
('T1', 'L33', 'Ngã 4 Long Mỹ'),
('T1', 'L34', 'Dốc ông Phật'),
('T1', 'L35', 'Trường Lâm Nghiệp'),
('T1', 'L36', 'Suối Dứa'),
('T1', 'L37', 'Suối Lỡ'),
('T1', 'L38', 'Trạm 10 (cũ)'),
('T1', 'L4', 'Sở Điện Lực'),
('T1', 'L5', 'Cây xăng ông tề'),
('T1', 'L6', 'Liên đoàn lao động Tỉnh'),
('T1', 'L7', '792 Trần Hưng Đạo'),
('T1', 'L8', 'Ngã 3 Tháp Đôi'),
('T1', 'L9', 'Cầu Đôi');

-- --------------------------------------------------------

--
-- Table structure for table `tuyent2`
--

DROP TABLE IF EXISTS `tuyent2`;
CREATE TABLE IF NOT EXISTS `tuyent2` (
  `matuyen` varchar(10) COLLATE utf8_vietnamese_ci NOT NULL,
  `matram` varchar(10) COLLATE utf8_vietnamese_ci NOT NULL,
  `tentram` text COLLATE utf8_vietnamese_ci NOT NULL,
  PRIMARY KEY (`matram`),
  KEY `fk_t2_matuyen` (`matuyen`)
) ENGINE=InnoDB DEFAULT CHARSET=utf8 COLLATE=utf8_vietnamese_ci;

--
-- Dumping data for table `tuyent2`
--

INSERT INTO `tuyent2` (`matuyen`, `matram`, `tentram`) VALUES
('T2', 'L17', 'Công viên Long Vân'),
('T2', 'L20', 'Ngã 3 Phú Tài'),
('T2', 'L21', 'Bến xe 2/9'),
('T2', 'L22', 'Ngã 3 Hầm Dầu'),
('T2', 'L23', 'DN Duyên Hải'),
('T2', 'L24', 'Ngã 3 Cây Duối'),
('T2', 'L25', 'Công ty Quốc Thắng'),
('T2', 'L26', 'Cà phê Hương cau'),
('T2', 'L28', 'Chợ Phú Tài'),
('T2', 'L29', 'Nhà thờ Phú Tài'),
('T2', 'L30', 'Nghĩa trang Bùi Thị Xuân'),
('T2', 'L31', 'Công ty Sơn Hải'),
('T2', 'L32', 'Công ty COSEVSO'),
('T2', 'L33', 'Ngã 4 Long Mỹ'),
('T2', 'L39', 'Chợ Lớn'),
('T2', 'L40', '90 Tăng Bạt Hổ'),
('T2', 'L41', '114 Tăng Bạt Hổ'),
('T2', 'L42', '286 Lê Hồng Phong'),
('T2', 'L43', '04 Nguyễn Thái Học'),
('T2', 'L44', '162 Nguyễn Thái Học'),
('T2', 'L45', '288 Nguyễn Thái Học'),
('T2', 'L46', '364 Nguyễn Thái Học'),
('T2', 'L47', 'Doanh trại quân đội'),
('T2', 'L48', 'Ngã 5 Ngô Mây'),
('T2', 'L49', 'Trường ĐH Quy Nhơn'),
('T2', 'L50', 'BV quân y 13'),
('T2', 'L51', 'Bưu điện Lam Sơn'),
('T2', 'L52', 'Ngã 4 Mai Hắc Đế'),
('T2', 'L53', 'Bến xe Liên Tỉnh'),
('T2', 'L54', 'Ngã 5 Hồ Le'),
('T2', 'L55', 'Nghĩa trang Quy Nhơn'),
('T2', 'L56', 'Chợ xóm tiêu'),
('T2', 'L57', 'Công ty cổ phần Vận Tải'),
('T2', 'L58', 'Nhà máy ô tô - Mô tô'),
('T2', 'L59', 'Vườn rau an toàn'),
('T2', 'L60', 'Công ty nguyên liệu giấy'),
('T2', 'L61', 'Xí nghiệp than đá'),
('T2', 'L62', 'Trường THPT Hùng Vương'),
('T2', 'L63', 'Dốc Kim Long'),
('T2', 'L64', 'Café giải khát Yến Nhi'),
('T2', 'L65', 'Công ty Minh Phước'),
('T2', 'L66', 'Khu xử lý chất thải rắn'),
('T2', 'L67', 'Café Phượng'),
('T2', 'L68', 'Honda Châu'),
('T2', 'L69', 'Ngã 3 bà Võ'),
('T2', 'L70', 'Trường PTCS Phước Mỹ'),
('T2', 'L71', 'Nhà máy phân bón Long Mỹ'),
('T2', 'L72', 'Chợ Phước Mỹ'),
('T2', 'L73', 'Quán tạp hóa Mai');

-- --------------------------------------------------------

--
-- Table structure for table `tuyent3`
--

DROP TABLE IF EXISTS `tuyent3`;
CREATE TABLE IF NOT EXISTS `tuyent3` (
  `matuyen` varchar(10) COLLATE utf8_vietnamese_ci NOT NULL,
  `matram` varchar(10) COLLATE utf8_vietnamese_ci NOT NULL,
  `tentram` text COLLATE utf8_vietnamese_ci NOT NULL,
  PRIMARY KEY (`matram`),
  KEY `fk_t3_matuyen` (`matuyen`)
) ENGINE=InnoDB DEFAULT CHARSET=utf8 COLLATE=utf8_vietnamese_ci;

--
-- Dumping data for table `tuyent3`
--

INSERT INTO `tuyent3` (`matuyen`, `matram`, `tentram`) VALUES
('T3', 'L107', '26 Nguyễn Huệ'),
('T3', 'L108', '72A Nguyễn Huệ'),
('T3', 'L109', 'Đối diện 295A Nguyễn Huệ'),
('T3', 'L11', 'Ngã 3 Ông Thọ'),
('T3', 'L110', '142 Nguyễn Huệ'),
('T3', 'L111', 'Đối diện Trung tâm thương mai Quy Nhơn'),
('T3', 'L112', 'Đối diện Trung tâm hội chợ triển lãm QN'),
('T3', 'L113', 'Đối diện 06 Nguyễn Thái Học'),
('T3', 'L114', 'Hội Trường Quang Trung'),
('T3', 'L115', 'Đối diện 95 Phan Đình Phùng'),
('T3', 'L116', '200 Đống Đa'),
('T3', 'L117', '16 Đống Đa'),
('T3', 'L118', '686 Trần Hưng Đạo'),
('T3', 'L119', '912 Trần Hưng Đạo'),
('T3', 'L120', '1030 Trần Hưng Đạo'),
('T3', 'L121', 'Ngã 3 Võ Thị Sáu - Hùng Vương'),
('T3', 'L122', 'Công An phường Nhơn Bình'),
('T3', 'L123', 'Ngã 3 Chợ Dinh'),
('T3', 'L124', 'Ngã 3 Chùa'),
('T3', 'L125', 'Nam cầu số 7'),
('T3', 'L126', 'Giữa cầu số 7 & 8'),
('T3', 'L127', 'Nam cầu số 8'),
('T3', 'L128', 'Xăng dầu Trường Uc'),
('T3', 'L129', 'Trường trung học số 1 Tuy Phước'),
('T3', 'L130', 'UBND Huyện Tuy Phước'),
('T3', 'L131', 'Chợ Bồ Đề'),
('T3', 'L132', 'Ngã 3 thôn Công Chánh'),
('T3', 'L133', 'Bệnh viện Tuy Phước'),
('T3', 'L134', 'Ngã 3 Ông Đô'),
('T3', 'L135', 'Nhà máy Xi măng - Bình Định'),
('T3', 'L136', 'Ngã 3 Ga Diêu Trì'),
('T3', 'L137', 'Ngã 3 Diêu Trì'),
('T3', 'L138', 'Ngã 3 Phú Tài (Bắc)'),
('T3', 'L139', 'Công ty xây dựng số 1'),
('T3', 'L140', 'Bưa Điện Phú Tài'),
('T3', 'L21', 'Bến xe 2/9'),
('T3', 'L22', 'Ngã 3 Hầm Dầu'),
('T3', 'L24', 'Ngã 3 Cây Duối'),
('T3', 'L25', 'Công ty Quốc Thắng'),
('T3', 'L26', 'Cà phê Hương Cau'),
('T3', 'L27', 'Trường TH Bùi Thị Xuân'),
('T3', 'L29', 'Nhà thờ Phú Tài'),
('T3', 'L30', 'Nghĩa trang Bùi Thị Xuân'),
('T3', 'L31', 'Công ty Sơn Hải'),
('T3', 'L32', 'Công ty COSEVSO'),
('T3', 'L33', 'Ngã 4 Long Mỹ'),
('T3', 'L34', 'Dốc ông Phật'),
('T3', 'L35', 'Trường Lâm Nghiệp'),
('T3', 'L39', 'Chợ Lớn'),
('T3', 'L7', '792 Trần Hưng Đạo');

-- --------------------------------------------------------

--
-- Table structure for table `tuyent4`
--

DROP TABLE IF EXISTS `tuyent4`;
CREATE TABLE IF NOT EXISTS `tuyent4` (
  `matuyen` varchar(10) COLLATE utf8_vietnamese_ci NOT NULL,
  `matram` varchar(10) COLLATE utf8_vietnamese_ci NOT NULL,
  `tentram` text COLLATE utf8_vietnamese_ci NOT NULL,
  PRIMARY KEY (`matram`),
  KEY `fk_t4_matuyen` (`matuyen`)
) ENGINE=InnoDB DEFAULT CHARSET=utf8 COLLATE=utf8_vietnamese_ci;

--
-- Dumping data for table `tuyent4`
--

INSERT INTO `tuyent4` (`matuyen`, `matram`, `tentram`) VALUES
('T4', 'L10', 'Ngã ba Võ Thị Sáu – Trần Hưng Đạo'),
('T4', 'L108', '72A Nguyễn Huệ'),
('T4', 'L109', 'Đối diện 295A Nguyễn Huệ'),
('T4', 'L11', 'Ngã ba Ông Thọ'),
('T4', 'L110', '142 Nguyễn Huệ'),
('T4', 'L111', 'Đối diện trung tâm thương mại Quy Nhơn'),
('T4', 'L112', 'Đối diện Trung tâm hội chợ triển lãm QN'),
('T4', 'L113', 'Đối diện 06 Nguyễn Thái Học'),
('T4', 'L114', 'Hội Trường Quang Trung'),
('T4', 'L12', 'XD Trung Hậu'),
('T4', 'L13', 'Trạm xe khách Nhơn Phú'),
('T4', 'L134', 'Ngã ba Ông Đô'),
('T4', 'L135', 'Nhà máy Ximăng Bình Định'),
('T4', 'L136', 'Ngã ba Ga Diêu Trì'),
('T4', 'L138', ' Ngã ba Phú Tài (Bắc)'),
('T4', 'L14', 'Trường Cao đẳng sư phạm'),
('T4', 'L141', 'Bên phải cổng Cảng Thị nại theo hướng Cảng đi'),
('T4', 'L142', 'Hải quan Bình Định'),
('T4', 'L143', 'Trung tâm mắt'),
('T4', 'L144', 'BV Thành Phố'),
('T4', 'L145', 'ĐH Quang Trung'),
('T4', 'L146', 'Chùa Long Khánh'),
('T4', 'L147', 'Tòa án Tỉnh Bình Định'),
('T4', 'L148', '18 Ỷ Lan'),
('T4', 'L149', ' Ỷ Lan – Nguyễn Hữu Thọ'),
('T4', 'L15', 'Tịnh xá Quan âm'),
('T4', 'L150', 'Chợ Đầm'),
('T4', 'L151', '14 Đống Đa'),
('T4', 'L153', 'Ngã ba Vân Canh'),
('T4', 'L154', 'UB TT Diêu Trì'),
('T4', 'L155', 'Cà phê Chợt Nhớ'),
('T4', 'L156', 'Chùa Phước Điền'),
('T4', 'L157', 'Chợ Phước Lộc'),
('T4', 'L158', 'Nhà máy gạch Tuy nen Bình Định'),
('T4', 'L159', 'Cầu Tân An'),
('T4', 'L16', ' Bệnh viện tâm thần'),
('T4', 'L160', 'Ngã ba Bà Di'),
('T4', 'L161', ' Ngã 3 Tháp bánh ít'),
('T4', 'L162', 'Phía bắc cầu Huỳnh Kim'),
('T4', 'L163', 'Cầu Tân An'),
('T4', 'L164', 'Cầu Liêm Trực.'),
('T4', 'L165', 'Bến xe An Nhơn'),
('T4', 'L166', 'Nhà văn hóa An Nhơn'),
('T4', 'L167', 'Ngã tư Trần Phú – Ngô Gia Tự'),
('T4', 'L168', 'Đài phát tuyến'),
('T4', 'L169', 'Cầu An Ngãi 3'),
('T4', 'L17', 'Công viên Long Vân'),
('T4', 'L170', 'Ngã ba Bệnh viện An Nhơn'),
('T4', 'L171', 'UBND xã Nhơn Hưng'),
('T4', 'L172', 'Cẩm Văn – Nhơn Hưng'),
('T4', 'L173', ' Bến xe ngựa'),
('T4', 'L174', ' Bến xe Đập Đá'),
('T4', 'L175', 'Trường Nguyễn Trường Tộ'),
('T4', 'L176', 'KCN Gò Đá Trắng'),
('T4', 'L177', 'Bả Canh'),
('T4', 'L178', 'Ngã 3 Chùa Thập tháp'),
('T4', 'L179', 'Cống Ba Trang'),
('T4', 'L18', ' XD Ngọc Sương'),
('T4', 'L180', 'Chợ Gò Găng'),
('T4', 'L181', 'Ngã 4 Gò Găng'),
('T4', 'L19', 'Trường THPT Hùng Vương'),
('T4', 'L20', 'Ngã ba Phú Tài (Nam)'),
('T4', 'L512', 'Liên đoàn lao động Tỉnh'),
('T4', 'L7', '792 Trần Hưng Đạo'),
('T4', 'L8', 'Ngã ba Tháp Đôi'),
('T4', 'L9', 'Cầu Đôi');

-- --------------------------------------------------------

--
-- Table structure for table `tuyent5`
--

DROP TABLE IF EXISTS `tuyent5`;
CREATE TABLE IF NOT EXISTS `tuyent5` (
  `matuyen` varchar(10) COLLATE utf8_vietnamese_ci NOT NULL,
  `matram` varchar(10) COLLATE utf8_vietnamese_ci NOT NULL,
  `tentram` text COLLATE utf8_vietnamese_ci NOT NULL,
  PRIMARY KEY (`matram`),
  KEY `fk_t5_matuyen` (`matuyen`)
) ENGINE=InnoDB DEFAULT CHARSET=utf8 COLLATE=utf8_vietnamese_ci;

--
-- Dumping data for table `tuyent5`
--

INSERT INTO `tuyent5` (`matuyen`, `matram`, `tentram`) VALUES
('T5', 'L107', '26 Nguyễn Huệ      '),
('T5', 'L108', ' 72A Nguyễn Huệ  '),
('T5', 'L150', 'Chợ Đầm     '),
('T5', 'L182', ' Bến xe Trung tâm Quy Nhơn'),
('T5', 'L183', 'Trung tâm chỉnh hình     '),
('T5', 'L184', 'Chợ cây xăng'),
('T5', 'L185', '531 Nguyễn Thái Học'),
('T5', 'L186', 'Chùa Lộc Uyển'),
('T5', 'L187', 'Bộ đội Biên Phòng '),
('T5', 'L188', 'Công viên Quang Trung'),
('T5', 'L189', ' 434 Trần Hưng Đạo'),
('T5', 'L190', 'Hoàng Hoa Thám'),
('T5', 'L191', '109 Đống Đa '),
('T5', 'L192', '95 Phan Đình Phùng '),
('T5', 'L193', ' 302 Phan Bội Châu'),
('T5', 'L194', '178 Phan Bội Châu      '),
('T5', 'L195', ' Ngã tư Lê Lợi - Phan Bội Châu'),
('T5', 'L196', 'Trần Cao đẳng sư phạm (cũ)    '),
('T5', 'L197', '147 Trần Hưng Đạo '),
('T5', 'L198', '78 Trần Hưng Đạo '),
('T5', 'L199', 'Cơ quan Hải Quan Bình Định'),
('T5', 'L200', 'Trường THPT chuyên Lê Quý Đôn'),
('T5', 'L201', 'Trường Trung học Y Tế'),
('T5', 'L202', 'Khách Sạn Quy Nhơn'),
('T5', 'L203', ' Ngã tư Trần Phú - Nguyễn Huệ'),
('T5', 'L204', '14D Trần Phú       '),
('T5', 'L205', 'Công viên chợ sân bay   '),
('T5', 'L206', 'Ngã tư Trường Chinh - Phạm Hùng'),
('T5', 'L207', ' Siêu thị Quy Nhơn'),
('T5', 'L208', '264 Diên Hồng '),
('T5', 'L209', ' 334 Diên Hồng      '),
('T5', 'L210', 'Trường kỹ thuật cơ điện  '),
('T5', 'L211', ' Bưu điện Lam Sơn   '),
('T5', 'L44', '162 Nguyễn Thái Học'),
('T5', 'L45', '288 Nguyễn Thái Học'),
('T5', 'L46', '364 Nguyễn Thái Học');

-- --------------------------------------------------------

--
-- Table structure for table `tuyent6`
--

DROP TABLE IF EXISTS `tuyent6`;
CREATE TABLE IF NOT EXISTS `tuyent6` (
  `matuyen` varchar(10) COLLATE utf8_vietnamese_ci DEFAULT NULL,
  `matram` varchar(10) COLLATE utf8_vietnamese_ci NOT NULL,
  `tentram` text COLLATE utf8_vietnamese_ci,
  PRIMARY KEY (`matram`),
  KEY `fk_t6_matuyen` (`matuyen`)
) ENGINE=InnoDB DEFAULT CHARSET=utf8 COLLATE=utf8_vietnamese_ci;

--
-- Dumping data for table `tuyent6`
--

INSERT INTO `tuyent6` (`matuyen`, `matram`, `tentram`) VALUES
('T6', 'L10', 'Ngã ba Võ Thị Sáu-Hùng Vương  '),
('T6', 'L107', ' 26 Nguyễn Huệ'),
('T6', 'L108', '72A Nguyễn Huệ'),
('T6', 'L109', 'Đối diện 295A Nguyễn Huệ   '),
('T6', 'L11', 'Ngã ba Ông Thọ'),
('T6', 'L110', '26 Nguyễn Huệ'),
('T6', 'L111', 'Đối diện Trung tâm thương mại Qui Nhơn'),
('T6', 'L112', 'Đối diện Trung tâm hội chợ triển lãm QN'),
('T6', 'L113', 'Đối diện 06 Nguyễn Thái Học'),
('T6', 'L114', 'Hội Trường Quang Trung'),
('T6', 'L116', '200 Đống Đa'),
('T6', 'L117', '16 Đống Đa'),
('T6', 'L122', 'Công an phường Nhơn Bình'),
('T6', 'L123', 'Ngã 3 chợ Dinh'),
('T6', 'L124', 'Ngã ba Chùa'),
('T6', 'L125', 'Nam'),
('T6', 'L127', 'Nam'),
('T6', 'L128', 'Xăng dầu Trường Úc'),
('T6', 'L129', 'Trường trung học số 1 Tuy Phước'),
('T6', 'L130', 'UBND Huyện Tuy Phước'),
('T6', 'L148', '18 Ỷ Lan      '),
('T6', 'L149', 'Ngã tư Ỷ Lan-Nguyễn Hữu Thọ'),
('T6', 'L212', 'Ngân hàng Nông nghiệp & phát triển nông thôn'),
('T6', 'L213', 'Cổng chào'),
('T6', 'L214', 'Trường Xuân Diệu'),
('T6', 'L215', 'XN khai thác Thủy lợi'),
('T6', 'L216', ' Ban Thôn Vĩnh Thạnh'),
('T6', 'L217', ' Thánh thất Tuy Phước'),
('T6', 'L218', 'Chợ Huyện'),
('T6', 'L219', 'Gần cống đôi'),
('T6', 'L220', 'Ngã 3 cầu Bà Di dưới'),
('T6', 'L221', 'Ngã ba cầu Bà Di trên'),
('T6', 'L222', ' Eo bà Nho dưới'),
('T6', 'L223', 'Eo bà Nho trên'),
('T6', 'L224', 'Công ty Hùng Đại Dương'),
('T6', 'L225', 'Xăng dầu số 7'),
('T6', 'L226', 'Xăng dầu Thịnh Phát'),
('T6', 'L227', 'Trạm than Đông Bắc'),
('T6', 'L228', 'Ngã ba thôn Trung Ái'),
('T6', 'L229', 'Cầu Đen'),
('T6', 'L230', 'Trường tiểu học Nhơn Thợ'),
('T6', 'L231', 'Chợ Đồn'),
('T6', 'L232', 'Trường THPT An Nhơn 3'),
('T6', 'L233', 'Bưu điện Nhơn Lộc'),
('T6', 'L234', 'Hồ Núi Một'),
('T6', 'L235', 'Hiệu Quyên'),
('T6', 'L236', 'Trạm thu phí Nhơn Tân'),
('T6', 'L237', 'Cầu Đập Bộng (xóm Cao)'),
('T6', 'L238', ' Công ty phân hóa sinh'),
('T6', 'L239', 'Ngã 4 Hạt Sáu'),
('T6', 'L240', 'Quán cây Xoài'),
('T6', 'L241', 'xóm  thôn Lai Nghi'),
('T6', 'L242', 'HTX NN Bình Nghi 1'),
('T6', 'L243', 'Cầu nước Xanh'),
('T6', 'L244', ' Kho thóc Bình Nghi'),
('T6', 'L245', ' Nhà may Tám'),
('T6', 'L246', 'Khu công nghiệp Phú An'),
('T6', 'L247', 'Hiệu Hồng Sen (Phú Xuân)'),
('T6', 'L248', 'Bến xe 31-3 Tây Sơn'),
('T6', 'L249', 'Cửa hàng Hoàng Vũ'),
('T6', 'L250', 'Hội thánh tin lành Phú Phong'),
('T6', 'L251', 'Khách sạn Phú Phong'),
('T6', 'L252', ' Hiệu ảnh Ninh'),
('T6', 'L253', 'Thôn Hòa Lạc'),
('T6', 'L254', 'Điện tử Chinh'),
('T6', 'L255', ' Trường PTCS Bình Tường'),
('T6', 'L256', 'HTX NN Hòa Sơn'),
('T6', 'L257', 'Lăng Mai Xuân Thưởng'),
('T6', 'L258', 'Cầu Bầu Sen'),
('T6', 'L259', 'Nhà máy đường Bình Định'),
('T6', 'L260', 'KM 52+100'),
('T6', 'L261', 'chợ Đồng Phó'),
('T6', 'L262', 'Bưu điện Đồng Phó'),
('T6', 'L263', ' Trường TH bán công Võ Lai'),
('T6', 'L264', 'Trường THCS Tây Giang    '),
('T6', 'L27', 'Trường TH Bùi Thị Xuân'),
('T6', 'L6', 'Liên Đoàn lao động tỉnh'),
('T6', 'L7', ' 792 Trần Hưng Đạo'),
('T6', 'L8', 'Ngã ba Tháp Đôi'),
('T6', 'L9', ' Cầu Đôi');

-- --------------------------------------------------------

--
-- Table structure for table `tuyent6b`
--

DROP TABLE IF EXISTS `tuyent6b`;
CREATE TABLE IF NOT EXISTS `tuyent6b` (
  `matuyen` varchar(10) COLLATE utf8_vietnamese_ci DEFAULT NULL,
  `matram` varchar(10) COLLATE utf8_vietnamese_ci NOT NULL,
  `tentram` text COLLATE utf8_vietnamese_ci,
  PRIMARY KEY (`matram`),
  KEY `fk_t6b_matuyen` (`matuyen`)
) ENGINE=InnoDB DEFAULT CHARSET=utf8 COLLATE=utf8_vietnamese_ci;

--
-- Dumping data for table `tuyent6b`
--

INSERT INTO `tuyent6b` (`matuyen`, `matram`, `tentram`) VALUES
('T6B', 'L370', 'Ngã 3 Vườn Xoài'),
('T6B', 'L371', 'Xóm 3 Thôn Thượng Sơn'),
('T6B', 'L372', 'Cơ sở xay gạo Sơn'),
('T6B', 'L373', 'Xóm 6 Thôn Thượng Sơn'),
('T6B', 'L374', 'Trường tiểu học Tây Thuận'),
('T6B', 'L375', 'Xóm 4 Thôn Tiên Thuận'),
('T6B', 'L376', 'Chợ Hà Riêu'),
('T6B', 'L377', 'Ngã 3 Lò rèn'),
('T6B', 'L378', 'Đội 1 Tiên Thái'),
('T6B', 'L379', 'Đội 10 Thôn Định Xuân'),
('T6B', 'L380', 'Đội 9 Thôn Định Xuân'),
('T6B', 'L381', 'Đội 8 thôn Định Xuân'),
('T6B', 'L382', 'Đội 7 Thôn Định Trung'),
('T6B', 'L383', ' Đội 6 Thôn Định Trung'),
('T6B', 'L384', 'Trường tiểu học Vĩnh Quang'),
('T6B', 'L385', 'Chợ Định Quang (cũ)'),
('T6B', 'L386', 'Đội 1 Thôn Định Quang  '),
('T6B', 'L387', 'Đội 1 Thôn Định Thái'),
('T6B', 'L388', 'Ngã 3 Thôn Định Trường'),
('T6B', 'L389', 'Trạm điện (Đầu TT Định Bình)'),
('T6B', 'L390', 'Ngã 3 Hồ Định Bình'),
('T6B', 'L391', 'Điện máy Ba Diễm'),
('T6B', 'L392', 'Chợ Định Bình '),
('T6B', 'L393', 'Nhà may Khánh'),
('T6B', 'L394', 'Hiệu Photo copy Hoàng Ngọc'),
('T6B', 'L395', 'Nhà Văn hóa thiếu nhi V.Thạnh'),
('T6B', 'L396', 'Đường đi BV Vĩnh Thạnh'),
('T6B', 'L397', 'Trường PTTH Vĩnh Thạnh'),
('T6B', 'L398', 'Thôn Định Trị (Vĩnh Hảo)'),
('T6B', 'L399', 'Cafe Bìa Sông Xanh'),
('T6B', 'L400', 'Trường THCS Vĩnh Hảo'),
('T6B', 'L401', ' Bưu điện Vĩnh Hảo');

-- --------------------------------------------------------

--
-- Table structure for table `tuyent7`
--

DROP TABLE IF EXISTS `tuyent7`;
CREATE TABLE IF NOT EXISTS `tuyent7` (
  `matuyen` varchar(10) COLLATE utf8_vietnamese_ci DEFAULT NULL,
  `matram` varchar(10) COLLATE utf8_vietnamese_ci NOT NULL,
  `tentram` text COLLATE utf8_vietnamese_ci,
  PRIMARY KEY (`matram`),
  KEY `fk_t7_matuyen` (`matuyen`)
) ENGINE=InnoDB DEFAULT CHARSET=utf8 COLLATE=utf8_vietnamese_ci;

--
-- Dumping data for table `tuyent7`
--

INSERT INTO `tuyent7` (`matuyen`, `matram`, `tentram`) VALUES
('T7', 'L100', ' Cách ngã 3 Thôn Lạc Điền 10m về phía nam'),
('T7', 'L101', 'UBND xã Cát Chánh'),
('T7', 'L102', 'Cách cầu Sông Chùa về phía bắc 50m'),
('T7', 'L103', 'Ngã 3 Tỉnh lộ 640/635'),
('T7', 'L104', 'Cách Ngã 3Thôn Phương Thái về phía đông 10m'),
('T7', 'L105', 'Trường PTCS Cát Tiến  '),
('T7', 'L106', 'Chùa Ông Núi. '),
('T7', 'L108', '72A Nguyễn Huệ'),
('T7', 'L109', 'Đối diện 295A Nguyễn Huệ'),
('T7', 'L110', '142 Nguyễn Huệ'),
('T7', 'L111', 'Đối diện Trung tâm thương mại Qui Nhơn'),
('T7', 'L131', 'Chợ Bồ Đề'),
('T7', 'L133', 'Bệnh Viện Tuy Phước'),
('T7', 'L134', 'Ngã ba Ông Đô'),
('T7', 'L135', 'Nhà máy Ximăng -Bình Định'),
('T7', 'L136', 'Ngã ba Ga Diêu Trì'),
('T7', 'L137', 'Ngã ba Diêu Trì'),
('T7', 'L138', ' Ngã ba Phú Tài (Bắc)'),
('T7', 'L154', 'UBND Thị trấn Diêu Trì'),
('T7', 'L19', 'Trường THPT Hùng Vương'),
('T7', 'L20', ' Ngã ba Phú Tài'),
('T7', 'L50', 'BV quân y 13'),
('T7', 'L51', 'Bưu điện Lam Sơn'),
('T7', 'L52', 'Ngã 4 Mai Hắc Đế'),
('T7', 'L53', 'Bến xe Liên Tỉnh'),
('T7', 'L54', ' Ngã 5 Hồ Le'),
('T7', 'L55', 'Nghĩa trang Quy Nhơn'),
('T7', 'L56', 'Chợ xóm tiêu'),
('T7', 'L57', ' C.ty cổ phần Vận Tải'),
('T7', 'L58', 'Nhà máy ô tô – Mô tô'),
('T7', 'L59', 'Vườn rau an toàn'),
('T7', 'L60', 'C.ty nguyên liệu giấy'),
('T7', 'L61', 'Xí nghiệp than đá'),
('T7', 'L74', 'Chợ Lớn Quy Nhơn (đường Hàn Thuyên)'),
('T7', 'L75', '171A Trần Cao Vân'),
('T7', 'L76', 'Chùa Long Khánh'),
('T7', 'L77', '27 Trần Cao Vân'),
('T7', 'L78', 'Trường KT cơ điện'),
('T7', 'L79', 'Trường tiểu học Nguyễn Khuyến'),
('T7', 'L80', 'Công viên Phú Tài'),
('T7', 'L81', ' Nghĩa trang Tuy Phước'),
('T7', 'L83', ' Công An thị trấn Tuy Phước'),
('T7', 'L84', 'Garage Quang Liên'),
('T7', 'L85', 'Thôn Quỳnh Mai'),
('T7', 'L86', 'Cà phê Tiến Hưng'),
('T7', 'L87', 'Nghĩa trang Phước Nghĩa'),
('T7', 'L88', ' Cà phê Ý Linh'),
('T7', 'L89', 'C.ty vật tư thực vật 2'),
('T7', 'L90', 'Cách ngã 3 thôn Liên Thuận 20m về phía nam      '),
('T7', 'L91', 'Cách ngã 3 Chợ Bến 20 về phía nam'),
('T7', 'L92', 'Tịnh xá Ngọc Sơn'),
('T7', 'L93', 'Cách ngã 3 Thôn Từ Sơn về phía nam 50 m'),
('T7', 'L94', 'UBND xã Phước Sơn'),
('T7', 'L95', 'Cách ngã 3 Kỳ Trung 20m về phía nam          '),
('T7', 'L96', ' Km 11 Tỉnh lộ 640 +950'),
('T7', 'L97', 'Cách ngã 3 Thôn Xuân Phương 50m về phía nam'),
('T7', 'L98', 'UBND xã Phước Hòa'),
('T7', 'L99', 'Cách trung tâm xe máy Chi Diện 50m về phía bắc');

-- --------------------------------------------------------

--
-- Table structure for table `tuyent8`
--

DROP TABLE IF EXISTS `tuyent8`;
CREATE TABLE IF NOT EXISTS `tuyent8` (
  `matuyen` varchar(10) COLLATE utf8_vietnamese_ci DEFAULT NULL,
  `matram` varchar(10) COLLATE utf8_vietnamese_ci NOT NULL,
  `tentram` text COLLATE utf8_vietnamese_ci,
  PRIMARY KEY (`matram`),
  KEY `fk_t8_matuyen` (`matuyen`)
) ENGINE=InnoDB DEFAULT CHARSET=utf8 COLLATE=utf8_vietnamese_ci;

--
-- Dumping data for table `tuyent8`
--

INSERT INTO `tuyent8` (`matuyen`, `matram`, `tentram`) VALUES
('T8', 'L182', 'Bến xe trung tâm Quy nhơn'),
('T8', 'L207', 'Siêu thị Quy Nhơn'),
('T8', 'L265', 'Cà phê Nguyễn'),
('T8', 'L266', 'Trường CNKT kỹ thuật Quy Nhơn'),
('T8', 'L267', 'Ban quản lý các khu CN Bình Định'),
('T8', 'L268', 'Xí nghiệp song mây xuất khẩu'),
('T8', 'L269', 'Cửa hàng xăng dầu Ngọc Sương'),
('T8', 'L270', 'Cửa hàng điện máy Tuyết Huy'),
('T8', 'L271', 'Cửa hàng xăng dầu Bình An I'),
('T8', 'L272', 'Hiệu Honda Thành'),
('T8', 'L273', ' Cửa hàng gas Văn Lệnh'),
('T8', 'L274', 'UBND xã Phước Thành'),
('T8', 'L275', 'Hiệu cắt tóc Minh Trang'),
('T8', 'L276', 'Hiệu buôn Thành Thoa'),
('T8', 'L277', 'Hiệu uốn tóc Bích Lệ'),
('T8', 'L278', 'Ngã 3 thôn An Long'),
('T8', 'L279', 'Trường tiểu học số 1 Canh Vinh'),
('T8', 'L280', 'Km 10 + 300 tỉnh lộ 638'),
('T8', 'L281', 'Trường THCS Canh Vinh'),
('T8', 'L282', 'Ngã 3 thôn Hiệp Vinh'),
('T8', 'L283', ' UBND xã Canh Vinh'),
('T8', 'L284', ' Hiệu buôn Hải Thảo'),
('T8', 'L285', 'Trường tiểu học Canh Vinh'),
('T8', 'L286', 'Trường tiểu học số 2 Canh Vinh'),
('T8', 'L287', 'Km 13 + 600 tỉnh lộ 638'),
('T8', 'L288', 'Km 14 + 400 tỉnh lộ 638'),
('T8', 'L289', 'Km 14 + 800 tỉnh lộ 638'),
('T8', 'L290', 'Km 15 + 300 tỉnh lộ 638'),
('T8', 'L291', 'Ga Tân Vinh'),
('T8', 'L292', 'Nhà may Phượng'),
('T8', 'L293', 'Công ty TNHH Triệu Bình'),
('T8', 'L294', 'Km 18 + 600 tỉnh lộ 638'),
('T8', 'L295', ' Km 19 tỉnh lộ 638'),
('T8', 'L296', 'Trường THCS Canh Hiển'),
('T8', 'L297', 'Hiệu Honda Vương'),
('T8', 'L298', 'Ngã 3 thôn Canh Hiển'),
('T8', 'L299', 'Ngã 3 thôn Hiệp Hưng'),
('T8', 'L300', ' '),
('T8', 'L301', 'UBND xã Canh Hiệp'),
('T8', 'L302', 'Km 25 + 500 tỉnh lộ 638'),
('T8', 'L303', 'Km 26 tỉnh lộ 638, Huyện đội Vân Canh (Bên trái)'),
('T8', 'L304', 'Trường tiểu học số 2 Vân Canh'),
('T8', 'L305', 'Cà phê Mai Hương'),
('T8', 'L306', 'UBND thị trấn Vân Canh'),
('T8', 'L307', 'Nghĩa trang liệt sỹ Vân Canh'),
('T8', 'L308', 'Chợ Vân Canh'),
('T8', 'L309', 'UBND huyện Vân Canh'),
('T8', 'L310', ' Hiệu cắt tóc Thành Long'),
('T8', 'L311', 'Hiệu cửa sắt Tân Nhật'),
('T8', 'L50', 'Bệnh viện Quân Y 13'),
('T8', 'L51', 'Bưu điện Lam Sơn'),
('T8', 'L54', 'Ngã 5 Hồ Le'),
('T8', 'L55', 'Nghĩa trang Quy Nhơn'),
('T8', 'L56', ' Chợ xóm Tiêu'),
('T8', 'L58', 'Nhà máy ôtô – môtô'),
('T8', 'L59', ' Vườn rau an toàn'),
('T8', 'L60', 'Công ty nguyên liệu giấy'),
('T8', 'L61', 'Xí nghiệp than');

-- --------------------------------------------------------

--
-- Table structure for table `tuyent9`
--

DROP TABLE IF EXISTS `tuyent9`;
CREATE TABLE IF NOT EXISTS `tuyent9` (
  `matuyen` varchar(10) COLLATE utf8_vietnamese_ci DEFAULT NULL,
  `matram` varchar(10) COLLATE utf8_vietnamese_ci NOT NULL,
  `tentram` text COLLATE utf8_vietnamese_ci,
  PRIMARY KEY (`matram`),
  KEY `fk_t9_matuyen` (`matuyen`)
) ENGINE=InnoDB DEFAULT CHARSET=utf8 COLLATE=utf8_vietnamese_ci;

--
-- Dumping data for table `tuyent9`
--

INSERT INTO `tuyent9` (`matuyen`, `matram`, `tentram`) VALUES
('T9', 'L207', 'Siêu Thị'),
('T9', 'L265', 'Cafe Nguyễn'),
('T9', 'L402', 'Bến xe liên tỉnh (mặt trước)'),
('T9', 'L403', 'Bến xe liên tỉnh (mặt sau)'),
('T9', 'L404', 'Ngã 3 đường Võ Liệu'),
('T9', 'L405', ' Suối Tiên'),
('T9', 'L406', 'Dốc Quy Hòa'),
('T9', 'L407', 'Trường dạy nghề Bình Định'),
('T9', 'L408', 'Vũng Dừa'),
('T9', 'L409', 'Quán Thủy Sơn Trang'),
('T9', 'L410', ' Trạm kiểm dịch'),
('T9', 'L411', 'Quán tre xanh'),
('T9', 'L412', 'Quán Hữu Lai'),
('T9', 'L413', 'Khu du lịch Bãi Dại'),
('T9', 'L414', 'Bãi xếp'),
('T9', 'L415', ' KV1, Phường Ghềnh Ráng'),
('T9', 'L416', ' Life Resort QN'),
('T9', 'L417', 'Quán Phương Thảo'),
('T9', 'L418', 'Bãi Bàu'),
('T9', 'L419', ' Khu du lịch Hải Nguyên'),
('T9', 'L420', 'Bãi Rạng'),
('T9', 'L421', 'Xăng dầu Khổng Lang'),
('T9', 'L422', ' Chùa Phước Xuân'),
('T9', 'L423', 'Chợ Xuân Hải'),
('T9', 'L424', 'UB xã Xuân Hải'),
('T9', 'L425', 'Km 27'),
('T9', 'L426', 'Trạm ytế xã Xuân Hải'),
('T9', 'L427', 'Km 28 + 400 (Xóm dâu)'),
('T9', 'L428', 'Km 28 + 700'),
('T9', 'L429', 'Km 29'),
('T9', 'L430', 'Km 29 + 600'),
('T9', 'L431', 'Thôn 5, xã Xuân Hải'),
('T9', 'L432', 'Ngã 3 Cầu mới'),
('T9', 'L433', ' Xăng dầu Minh Lộc'),
('T9', 'L434', ' Cty Tân Bình'),
('T9', 'L435', 'C.ty Thái Thinh'),
('T9', 'L436', 'Café Tao Ngộ'),
('T9', 'L437', ' Quán Nhựt Lan (Cơm Năm Tiên)'),
('T9', 'L438', ' Xăng dầu số 12'),
('T9', 'L439', 'N3 thôn Hòa Phú, Xuân Hòa'),
('T9', 'L440', 'Cầu Bình Phú'),
('T9', 'L441', ' Khách sạn Bãi Tiên'),
('T9', 'L442', 'Xăng dầu Bảy Cường'),
('T9', 'L443', 'Trường tiểu học xã Xuân Cảnh'),
('T9', 'L444', 'UBND xã Xuân Cảnh'),
('T9', 'L445', ' Trạm y tế Xuân Cảnh'),
('T9', 'L446', 'Phía bắc dốc Nhà Ngòi'),
('T9', 'L447', 'Giữa dốc Nhà Ngòi'),
('T9', 'L448', 'N3 thôn Hòa Hiệp (trên dốc Nhà Ngòi)'),
('T9', 'L449', 'Dưới đèo Nại'),
('T9', 'L450', 'Trên đèo Nại'),
('T9', 'L451', 'Thôn Trung Trinh'),
('T9', 'L452', 'Ngã 3 Vũng La'),
('T9', 'L453', ' Honda Tân Long'),
('T9', 'L454', 'Chùa Hải Sơn (UB xã Xuân Phương)'),
('T9', 'L455', 'Quán cơm Duy An (Cơm Phương Thảo)'),
('T9', 'L456', 'HTX kinh doanh Xuân Phương'),
('T9', 'L457', 'Đối diện honda Hiếu'),
('T9', 'L458', 'Quán Ba Đoàn (Nhà trọ số 1)'),
('T9', 'L459', 'Tiệm ăn 544'),
('T9', 'L460', 'Quán bánh canh Múm'),
('T9', 'L461', 'Quán cơm Thanh Đạm'),
('T9', 'L462', 'BV Sông Cầu'),
('T9', 'L463', 'Viện kiểm sát Sông Cầu'),
('T9', 'L464', ' Cầu Thị Thạc'),
('T9', 'L465', '119 đường Nguyễn Huệ'),
('T9', 'L466', 'BĐ Sông Cầu (CA Sông Cầu)'),
('T9', 'L467', ' 15 Trần Hưng Đạo'),
('T9', 'L468', ' Hiệu đồng hồ Hùng Cường'),
('T9', 'L469', 'Điện máy Tấn Tài'),
('T9', 'L470', 'Ngã 3 cầu Tam Giang'),
('T9', 'L471', 'Đỉnh dốc Găng'),
('T9', 'L472', 'Thôn Nhiêu Hậu'),
('T9', 'L473', 'Cầu huyện (Ngã 3 thôn Chánh Bắc)'),
('T9', 'L474', 'UB xã Xuân Thọ 1'),
('T9', 'L475', 'Trạm y tế xã Xuân Thọ 1'),
('T9', 'L476', 'Đỉnh Dốc Quýt'),
('T9', 'L477', ' Phía Nam Dốc Quýt'),
('T9', 'L478', 'Cầu Phong Lưu'),
('T9', 'L479', 'Cầu Lò Vôi'),
('T9', 'L480', 'Ngã 3 Triều Sơn'),
('T9', 'L481', 'Trụ sở  thôn Tân Thạnh'),
('T9', 'L482', 'Trạm y tế xã Xuân Thọ 2'),
('T9', 'L483', ' Xóm Dừa'),
('T9', 'L484', 'Nhà “Kim Gia Trang”'),
('T9', 'L485', 'Công ty nuôi trồng thủy sản Đài Loan - Việt Nam'),
('T9', 'L486', 'Quán cơm Mỹ Vân'),
('T9', 'L487', 'Nước mắm Ông Già'),
('T9', 'L488', 'Trường tiểu học Gành Đỏ (Nước mắm Thanh Vân)'),
('T9', 'L489', ' Cửa hàng Hữu Đông'),
('T9', 'L49', 'Đại học QN'),
('T9', 'L490', 'Xăng dầu số 11 (Quán cơm Miềm Trung)'),
('T9', 'L491', 'Quán cơm Quê Hương'),
('T9', 'L492', 'Thôn Bình Thạnh (Miếu Ông cọp)'),
('T9', 'L493', ' Cầu gỗ'),
('T9', 'L494', 'Quán cơm Văn Sỹ Ben'),
('T9', 'L495', 'Ngã 3 Thôn Mỹ Lương'),
('T9', 'L496', 'Chùa Đá trắng'),
('T9', 'L497', ' Phía Nam Dốc Vườn Xoài'),
('T9', 'L498', ' Đại lý Bia Hưng'),
('T9', 'L499', 'Honda Văn Tư'),
('T9', 'L50', 'Bệnh viện quân y 13'),
('T9', 'L500', 'Ngã 3 thôn Bình Chính'),
('T9', 'L501', 'UBND xã An Dân'),
('T9', 'L502', 'Phía Bắc cầu Ngân Mỹ'),
('T9', 'L503', 'Phía Bắc cầu Ngân Sơn'),
('T9', 'L504', 'Xăng dầu Ngân Sơn'),
('T9', 'L51', 'Bưu điện Lam Sơn'),
('T9', 'L52', 'Mai Hắc Đế');

-- --------------------------------------------------------

--
-- Table structure for table `tuyent10`
--

DROP TABLE IF EXISTS `tuyent10`;
CREATE TABLE IF NOT EXISTS `tuyent10` (
  `matuyen` varchar(10) COLLATE utf8_vietnamese_ci DEFAULT NULL,
  `matram` varchar(10) COLLATE utf8_vietnamese_ci NOT NULL,
  `tentram` text COLLATE utf8_vietnamese_ci,
  PRIMARY KEY (`matram`),
  KEY `fk_t10_matuyen` (`matuyen`)
) ENGINE=InnoDB DEFAULT CHARSET=utf8 COLLATE=utf8_vietnamese_ci;

--
-- Dumping data for table `tuyent10`
--

INSERT INTO `tuyent10` (`matuyen`, `matram`, `tentram`) VALUES
('T10', 'L156', ' Chùa Phước Điền'),
('T10', 'L312', 'Ngã ba Chợ Gồm, Phù Cát'),
('T10', 'L313', ' UBND xã Cát Hanh (lệch về phía bắc)'),
('T10', 'L314', ' Điểm giao dịch Bảo hiểm Bưu điện'),
('T10', 'L315', 'Trường DNNN & PTNT Trung bộ (Cơ sở 2)'),
('T10', 'L316', 'Hạt Kiểm Lâm Phù Cát'),
('T10', 'L317', 'Dịch vụ thú y Mười'),
('T10', 'L318', 'Bến xe trung tâm Phù Cát'),
('T10', 'L319', 'Số 07 Quang Trung, thị trấn Ngô Mây'),
('T10', 'L320', 'Huyện ủy Phù Cát'),
('T10', 'L321', 'Số 157 Quang Trung, thị trấn Ngô Mây'),
('T10', 'L322', ' Số 235 Quang Trung, thị trấn Ngô Mây'),
('T10', 'L323', ' Nhà may BoBo, thị trấn Ngô Mây'),
('T10', 'L324', 'Số 325 Quang Trung, thị trấn Ngô Mây'),
('T10', 'L325', 'Số 405 Quang Trung, thị trấn Ngô Mây'),
('T10', 'L326', 'Trường Mẫu giáo Kiều Hiệp, Kiều An, Cát Tân'),
('T10', 'L327', 'Đối diện Cắt tóc Hồng Đức, Kiều An, Cát Tân'),
('T10', 'L328', 'Đối diện đường xuống Chùa Tịnh An'),
('T10', 'L329', 'Đại lý xăng dầu Thuận Hùng, Cát Tân'),
('T10', 'L330', 'Quán cơm Mười Thứ, Gò Găng'),
('T10', 'L331', 'Đối diện Quán ăn 2000 Gò găng'),
('T10', 'L332', 'Tín dụng Nhân dân Nhơn Thành, An Nhơn'),
('T10', 'L333', 'Cơ sở rượu Bầu Đá Tân Thịnh'),
('T10', 'L334', ' Đối diện Bùi Tộc Từ  đường (Bá Canh)'),
('T10', 'L335', 'Phòng giao dịch Đập Đá - Ngân hàng NN & PTNT'),
('T10', 'L336', 'Số 238, Quốc lộ 1A, Đập Đá'),
('T10', 'L337', 'Dịch vụ Cầm đồ Toàn Mỹ'),
('T10', 'L338', 'Cà phê Hoàng Anh, thị trấn Đập Đá'),
('T10', 'L339', 'UBND xã Nhơn Hưng'),
('T10', 'L340', ' Trước nhà ông Nguyễn Hữu Giác (An Ngãi, Nhơn Hưng)'),
('T10', 'L341', ' Sửa chữa ô tô Ngọc Cẩn (An Ngãi, Nhơn Hưng)'),
('T10', 'L342', 'Số 100 Trần Phú, thị trấn Bình Định'),
('T10', 'L343', 'Số 228 Trần Phú, thị trấn Bình Định'),
('T10', 'L344', ' Số 322 Trần Phú, thị trấn Bình Định'),
('T10', 'L345', 'Tiệm áo cưới Châu, thị trấn Bình Định'),
('T10', 'L346', 'Điện tử Văn Hùng (thôn Huỳnh Kim, Nhơn Hòa)'),
('T10', 'L347', 'Vật liệu XD Linh Vũ'),
('T10', 'L348', ' Hon da Thiện Tín (Quảng Tín, Phước Lộc)'),
('T10', 'L349', ' Honda Thành Trung, Phước Lộc'),
('T10', 'L350', ' Đối diện Công ty Tuy Phước'),
('T10', 'L351', 'Hiệu mua bán phụ tùng ô tô Tám Sơn, thị trấn Diêu Trì'),
('T10', 'L352', 'Đại lý Bảo hiểm nhân thọ Tuy Phước (thị trấn Diêu Trì)'),
('T10', 'L353', ' DNTN TM Vạn Thịnh, thị trấn Diêu Trì'),
('T10', 'L354', 'Số 34 Lạc Long Quân (P. Trần Quang Diệu, Quy Nhơn)'),
('T10', 'L355', 'Hiệu uốn tóc Trúc Phương'),
('T10', 'L356', 'Honda Ba Thành'),
('T10', 'L357', 'Cách Cầu Long Vân về phía bắc 120m'),
('T10', 'L358', 'Cách cổng Kho Nhơn Phú của Cty vật tư kỷ thuật NN Bình Định 50m về phía nam'),
('T10', 'L359', 'Đối diện ngã ba đường vào Cty thực phẩm XNK Lam Sơn.'),
('T10', 'L360', 'Đối diện Công ty TNHH Đại Thành'),
('T10', 'L361', 'Đại lý bia nước ngọt Hoàng Yến (92 Tây Sơn)'),
('T10', 'L362', ' Đối diện cổng Khu văn hóa IV, Phường Quang Trung'),
('T10', 'L363', 'Tượng Đài Bưu điện Quang Trung, Quy Nhơn'),
('T10', 'L364', 'Bến xe trung tâm Quy Nhơn trên đường Tây Sơn về phía bắc 50m'),
('T10', 'L365', 'Số 93 Tây Sơn, Quy Nhơn'),
('T10', 'L366', 'Bệnh viện quân y 13 về phía tây nam 100m'),
('T10', 'L367', 'Trường Đại học Quy Nhơn về phía đông bắc 60m'),
('T10', 'L368', 'Cà phê Golden trên đường Nguyễn Tất Thành, Quy Nhơn'),
('T10', 'L369', 'Sau Trung tâm thương mại TP. Quy Nhơn');

-- --------------------------------------------------------

--
-- Table structure for table `tuyent12`
--

DROP TABLE IF EXISTS `tuyent12`;
CREATE TABLE IF NOT EXISTS `tuyent12` (
  `matuyen` varchar(10) COLLATE utf8_vietnamese_ci DEFAULT NULL,
  `matram` varchar(10) COLLATE utf8_vietnamese_ci NOT NULL,
  `tentram` text COLLATE utf8_vietnamese_ci,
  PRIMARY KEY (`matram`),
  KEY `fk_t12_matuyen` (`matuyen`)
) ENGINE=InnoDB DEFAULT CHARSET=utf8 COLLATE=utf8_vietnamese_ci;

--
-- Dumping data for table `tuyent12`
--

INSERT INTO `tuyent12` (`matuyen`, `matram`, `tentram`) VALUES
('T12', 'L134', 'Cầu Ông Đô'),
('T12', 'L135', 'Nhà máy Xi măng Diêu Trì'),
('T12', 'L136', 'Ga Diêu Trì'),
('T12', 'L137', 'N3 Diêu Trì'),
('T12', 'L138', 'N3 Phú Tài (Bắc)'),
('T12', 'L154', 'UBND TT Diêu Trì'),
('T12', 'L155', 'Quán café Chợt Nhớ'),
('T12', 'L156', 'Chùa Mỹ Điền'),
('T12', 'L157', 'Chợ Phước Lộc'),
('T12', 'L158', 'Nhà máy gạch Tuy nen'),
('T12', 'L159', 'Trạm Cân'),
('T12', 'L160', 'Ngã 4 cầu Bà Di'),
('T12', 'L161', 'Ngã 3 Tháp bánh ít'),
('T12', 'L162', 'Cầu Huỳnh Kim'),
('T12', 'L165', 'Bến xe An Nhơn'),
('T12', 'L166', 'Nhà văn hóa An Nhơn'),
('T12', 'L173', 'Bến xe ngựa'),
('T12', 'L174', 'Bến xe Đập Đá'),
('T12', 'L175', 'Trường Nguyễn Trường Tộ'),
('T12', 'L176', 'KCN Gò Đá Trắng'),
('T12', 'L177', 'Bà Canh'),
('T12', 'L178', 'Chùa Thập Tháp'),
('T12', 'L179', 'Cống Ba Trang'),
('T12', 'L180', 'Chợ Gò Găng'),
('T12', 'L181', 'Ngã 4 Gò Găng'),
('T12', 'L182', 'Bến xe Quy Nhơn'),
('T12', 'L19', 'Trường  Hùng Vương'),
('T12', 'L20', 'N3 Phú Tài (Nam)'),
('T12', 'L207', 'Siêu thị Quy Nhơn'),
('T12', 'L49', 'Trường ĐH Quy Nhơn'),
('T12', 'L50', 'Bệnh viện Quân Y 13'),
('T12', 'L52', 'Mai Hắc Đế'),
('T12', 'L537', 'Garage Quyền'),
('T12', 'L538', 'Trường lái'),
('T12', 'L539', 'Trên Trường lái'),
('T12', 'L54', 'Ngã 5 Hồ Le'),
('T12', 'L540', 'Ao cá Bác Hồ'),
('T12', 'L541', 'Trường  Nguyễn Khuyến'),
('T12', 'L547', 'Cầu Tân An'),
('T12', 'L548', 'Cầu Cao'),
('T12', 'L55', 'Nghĩa trang Quy Nhơn'),
('T12', 'L550', 'Chợ Bình Định'),
('T12', 'L551', 'Đài phát tuyến'),
('T12', 'L552', 'Cầu An Ngãi'),
('T12', 'L553', 'Bệnh viện An nhơn'),
('T12', 'L554', 'UBND xã Nhơn Hưng'),
('T12', 'L555', 'XD Toàn Thắng'),
('T12', 'L559', 'Quán cơm Tư Trang'),
('T12', 'L56', 'Chợ xóm tiêu'),
('T12', 'L560', 'XD Thuận Hùng'),
('T12', 'L561', 'Nhà nghỉ Việt Nhật (Thủy Tài)'),
('T12', 'L562', 'Trường quân sự Tỉnh Bình Định'),
('T12', 'L563', 'UBND xã Cát Tân'),
('T12', 'L564', 'Vườn ươm Phù Cát'),
('T12', 'L565', 'Ngã 4 Phong An'),
('T12', 'L566', 'Nhà sách Trọng Toàn'),
('T12', 'L567', 'Chợ Phù Cát'),
('T12', 'L568', 'Công viên Phù Cát'),
('T12', 'L569', 'Trường Mầm non 19/5'),
('T12', 'L570', 'Bệnh viện Phù Cát'),
('T12', 'L571', 'Phú Kim'),
('T12', 'L572', 'Bến xe Phù Cát'),
('T12', 'L573', 'Cty Sơn Quân'),
('T12', 'L574', 'Cafe Hoa Nắng (Quán Dưa)'),
('T12', 'L575', 'Ngã 3 Chùa vàng'),
('T12', 'L576', 'Dốc Hòa Hội'),
('T12', 'L577', 'Cao đẳng nghề Phù Cát (Trường cơ khí)'),
('T12', 'L578', 'N4 Bảy Hóa (Dốc Me)'),
('T12', 'L579', 'Chùa Mỹ Hóa'),
('T12', 'L580', 'Garage Chín Huệ'),
('T12', 'L581', 'N3 Chợ Gồm'),
('T12', 'L582', 'Ngã 3 Khánh Phước (Cống Ông Đề)'),
('T12', 'L583', 'Cửa sắt Văn Quang (HTX Phù Ly)'),
('T12', 'L584', 'Chợ Phù Ly'),
('T12', 'L585', 'Cầu Vạn Thiện (Nhà máy Mì)'),
('T12', 'L586', 'Xăng dầu Bình Long'),
('T12', 'L587', 'N3 Vạn Phước (Cầu Cương)'),
('T12', 'L588', 'Ngã 4 thôn An Trinh'),
('T12', 'L589', 'Ngã 3 Nhà Đá (Chợ Tâm Dân)'),
('T12', 'L59', 'Vườn rau an toàn'),
('T12', 'L590', 'Thôn Đại Thạnh'),
('T12', 'L591', 'N3 Thạnh An (Hiếu Cúc)'),
('T12', 'L592', 'Hiệu buôn Tư Thảo (Mỹ Hiệp)'),
('T12', 'L593', 'Cầu Trà Bình'),
('T12', 'L594', 'HonDa Thành Đạt (Cầu Bốn thôn)'),
('T12', 'L595', 'Xăng dầu số 20 (Lữ đoàn 572)'),
('T12', 'L596', 'Cty May Phù Mỹ'),
('T12', 'L597', 'Trường THPT số 1 Phù Mỹ'),
('T12', 'L598', 'Bệnh viện Phù Mỹ'),
('T12', 'L599', 'Ngã 3 Mỹ Chánh'),
('T12', 'L60', 'Công ty nguyên liệu giấy'),
('T12', 'L600', 'Bến xe Phù Mỹ'),
('T12', 'L601', 'Chợ Phù Mỹ'),
('T12', 'L602', 'Điện lực Phù Mỹ'),
('T12', 'L603', 'Ngã 3 Tường An'),
('T12', 'L604', 'Ngã 3 Tân Hưng (Xăng dầu Ngọc Anh)'),
('T12', 'L605', 'Xăng dầu số 21 Phù Mỹ'),
('T12', 'L606', 'Diêm Tiêu (Trường lái Phù Mỹ)'),
('T12', 'L607', 'Dốc Mã Đá'),
('T12', 'L608', 'Thôn Trà Lương (Cơm Phương Hoa)'),
('T12', 'L609', 'Ngã 3 Chánh Thuận'),
('T12', 'L61', 'XD Nhơn Phú'),
('T12', 'L610', 'Phía Nam Đèo Nhông (Cơm Trang Trí)'),
('T12', 'L611', 'Đèo Nhông'),
('T12', 'L612', 'Cây số 10 (Mỹ Phong)'),
('T12', 'L613', 'Trường tiểu học Mỹ phong'),
('T12', 'L614', 'Ga Vạn Phước (Cafê Mini)'),
('T12', 'L615', 'Chợ Cây Da'),
('T12', 'L616', 'Gara Thanh Tùng (Thôn Dương Liễu)'),
('T12', 'L617', 'XD Chí Tâm'),
('T12', 'L618', 'Café Diệu Thảo'),
('T12', 'L619', 'N3 Bình Dương'),
('T12', 'L620', 'Ngã 3 Tân Lộc'),
('T12', 'L621', 'UBND xã Mỹ Lộc'),
('T12', 'L622', 'Xăng Dầu Quân đội (Nghĩa trang Mỹ Lộc)'),
('T12', 'L623', 'Ga Vạn Phú'),
('T12', 'L624', 'Ngã 4 Tam Tượng'),
('T12', 'L625', 'N3 Vạn Tuyết'),
('T12', 'L626', 'Thôn Lộc Thái'),
('T12', 'L627', 'Quán cơm Miền Trung'),
('T12', 'L628', 'XD Số 17 (Cầu chui Phú Cũ)'),
('T12', 'L629', 'N3 Lại Đức'),
('T12', 'L630', 'Chợ Diên Khánh'),
('T12', 'L631', 'Quán cơm Tân Tân'),
('T12', 'L632', 'Cầu Dợi (Xăng dầu Phú Liễu)'),
('T12', 'L633', 'N3 Hoài Ân'),
('T12', 'L634', 'N4 Quán cây dừa (Trung Lương)'),
('T12', 'L635', 'N4 An Lão'),
('T12', 'L636', 'Cầu Liêm Bình'),
('T12', 'L637', 'Chợ Chuối (Café Thảo Hương)'),
('T12', 'L638', 'Café Lưu Ly (Như ý)'),
('T12', 'L639', 'Chi cục Thuế Bồng Sơn'),
('T12', 'L640', 'Bệnh viện Hoài Nhơn'),
('T12', 'L641', 'Ga Bồng Sơn'),
('T12', 'L642', 'Nhà Nghỉ Xuân Hồng'),
('T12', 'L643', 'KS Kim Khánh'),
('T12', 'L644', 'Thôn Đệ Đức 3 Hoài Tân (Chợ Đổ)'),
('T12', 'L645', 'Garage Trường Hà'),
('T12', 'L646', 'UBND xã Hoài Tân'),
('T12', 'L647', 'Chợ Bộng mới'),
('T12', 'L648', 'Đài truyền hình Hoài Nhơn'),
('T12', 'L649', 'Hạt quản lý đường bộ Hoài Nhơn'),
('T12', 'L650', 'Trụ sở thôn An Dưỡng (N3 Bà Tộ)'),
('T12', 'L651', 'XD Minh Chánh'),
('T12', 'L652', 'Ngã 3 Đền Đào Duy Từ  (Cầu ông Thái)'),
('T12', 'L653', 'Nhà hàng Hạnh (Xe máy Thu Trạc)'),
('T12', 'L654', 'Gò Xíu'),
('T12', 'L655', 'Ngã 3 Hoài Thanh'),
('T12', 'L656', 'N3 Hoài Hương (Cầu Chùa)'),
('T12', 'L657', 'Trường THCS Hoài Thanh Tây'),
('T12', 'L658', 'Trạm Y tế Hoài Thanh Tây (Cầu Dỉ)'),
('T12', 'L659', 'Năm Tấn'),
('T12', 'L660', 'Ngã 3 Bình Minh'),
('T12', 'L661', 'Thôn Phụng Du II (Dốc Cát)'),
('T12', 'L662', 'XD Hoài Hảo (Chất đốt)'),
('T12', 'L663', 'Cống Ông Tài'),
('T12', 'L664', 'Ngã 3 Tân Lập'),
('T12', 'L665', 'UBND Tam Quan (Ga Tam Quan)'),
('T12', 'L666', 'DN Kim Anh'),
('T12', 'L667', 'Ngã 4 Thiện Chánh'),
('T12', 'L668', 'N3 Lò Bò'),
('T12', 'L669', 'N3 Công Thạnh'),
('T12', 'L670', 'Cầu chui Công Thạnh'),
('T12', 'L671', 'N3 Ghềnh Ráng'),
('T12', 'L79', 'Xí nghiệp than'),
('T12', 'L82', 'Trường CĐ nghề Quy Nhơn');

-- --------------------------------------------------------

--
-- Table structure for table `tuyent13`
--

DROP TABLE IF EXISTS `tuyent13`;
CREATE TABLE IF NOT EXISTS `tuyent13` (
  `matuyen` varchar(10) COLLATE utf8_vietnamese_ci DEFAULT NULL,
  `matram` varchar(10) COLLATE utf8_vietnamese_ci DEFAULT NULL,
  `tentram` text COLLATE utf8_vietnamese_ci
) ENGINE=InnoDB DEFAULT CHARSET=utf8 COLLATE=utf8_vietnamese_ci;

--
-- Dumping data for table `tuyent13`
--

INSERT INTO `tuyent13` (`matuyen`, `matram`, `tentram`) VALUES
('T13', 'L505', 'Bệnh viện Bồng Sơn'),
('T13', 'L506', '31 Trần Hưng Đạo (Bồng Sơn)'),
('T13', 'L507', 'Cafe Lưu Ly'),
('T13', 'L508', 'Cafe Thảo Hương'),
('T13', 'L509', 'Chợ chuối mới (Bảo hiểm Viển Đông)'),
('T13', 'L510', 'Dốc Bà Đội'),
('T13', 'L511', 'Ngã 3 Đội 10'),
('T13', 'L512', 'Xóm 4 Long Mỹ (Đội 8)'),
('T13', 'L513', 'Lam Quan (Đội 7)'),
('T13', 'L514', 'Đối diện UB - NTLS Ân Mỹ'),
('T13', 'L515', 'Đối diện vườn ươm (Xóm 5 Mỹ Đức)'),
('T13', 'L516', 'Ngã 4 Đội 4 (Đối diện Honda Ngọc Tân'),
('T13', 'L517', 'Đối diện Trường PTTH Võ Giữ'),
('T13', 'L518', 'Ngã 3 Đội 6 (Phước Bình)'),
('T13', 'L519', 'Trường Tiểu học Ân Hảo Đông'),
('T13', 'L520', 'Trạm xá xã Ân Hảo'),
('T13', 'L521', 'Đối diện Điện tử Anh Dương (Chợ Mới)'),
('T13', 'L522', 'Ban nhạc Ngọc xuân (Vạn Hoà)'),
('T13', 'L523', 'Bình Hoà  (Chụp hình Thảo)'),
('T13', 'L524', 'Bến đò Cây Da'),
('T13', 'L525', 'Đối diện Ngã ba đường vào thôn Trà Cong'),
('T13', 'L526', 'Ngã 3 Thôn Vạn Khánh'),
('T13', 'L527', 'Chi nhánh điện An Lão'),
('T13', 'L528', 'Đối diện Trường PTTH An Lão'),
('T13', 'L529', 'Đối diện XD số 10 (Ngã 3 Xuân Phong)'),
('T13', 'L530', 'UB An Hoà (BĐ Xuân Phong)'),
('T13', 'L531', 'Đối diện Ngã 3 Long Hoà'),
('T13', 'L532', 'Thôn Tân An (Hiệu xe máy Quốc Tú)'),
('T13', 'L533', 'UB Xã An Tân (Đối diện Cafe Suối Nguồn)'),
('T13', 'L534', 'Ngã 3 Thôn Tân Lập'),
('T13', 'L535', 'Đối diện DNTN An Đức'),
('T13', 'L536', 'Đối diện cổng Bưu Điện An Lão');

-- --------------------------------------------------------

--
-- Table structure for table `vengay`
--

DROP TABLE IF EXISTS `vengay`;
CREATE TABLE IF NOT EXISTS `vengay` (
  `mavengay` varchar(20) COLLATE utf8_vietnamese_ci NOT NULL,
  `giave` float DEFAULT NULL,
  PRIMARY KEY (`mavengay`)
) ENGINE=InnoDB DEFAULT CHARSET=utf8 COLLATE=utf8_vietnamese_ci;

--
-- Dumping data for table `vengay`
--

INSERT INTO `vengay` (`mavengay`, `giave`) VALUES
('T1-L1011', 8000),
('T1-L1112', 8000),
('T1-L12', 8000),
('T1-L1213', 8000),
('T1-L1314', 8000),
('T1-L1415', 8000),
('T1-L1516', 8000),
('T1-L1617', 8000),
('T1-L1718', 8000),
('T1-L1819', 8000),
('T1-L1920', 8000),
('T1-L2021', 8000),
('T1-L2122', 8000),
('T1-L2223', 8000),
('T1-L23', 8000),
('T1-L2324', 8000),
('T1-L2425', 8000),
('T1-L2526', 8000),
('T1-L2627', 8000),
('T1-L2728', 8000),
('T1-L2829', 8000),
('T1-L2930', 8000),
('T1-L3031', 8000),
('T1-L3132', 8000),
('T1-L3233', 8000),
('T1-L3334', 8000),
('T1-L34', 8000),
('T1-L3435', 8000),
('T1-L3536', 8000),
('T1-L3637', 8000),
('T1-L3738', 8000),
('T1-L45', 8000),
('T1-L56', 8000),
('T1-L67', 8000),
('T1-L78', 8000),
('T1-L89', 8000),
('T1-L910', 8000),
('T10-L156350', 44000),
('T10-L312313', 44000),
('T10-L313314', 44000),
('T10-L314315', 44000),
('T10-L315316', 44000),
('T10-L316317', 44000),
('T10-L317318', 44000),
('T10-L318319', 44000),
('T10-L319320', 44000),
('T10-L320321', 44000),
('T10-L321322', 44000),
('T10-L322323', 44000),
('T10-L323324', 44000),
('T10-L324325', 44000),
('T10-L325326', 44000),
('T10-L326327', 44000),
('T10-L327328', 44000),
('T10-L328329', 44000),
('T10-L329330', 44000),
('T10-L330331', 44000),
('T10-L331332', 44000),
('T10-L332333', 44000),
('T10-L333334', 44000),
('T10-L334335', 44000),
('T10-L335336', 44000),
('T10-L336337', 44000),
('T10-L337338', 44000),
('T10-L338339', 44000),
('T10-L339340', 44000),
('T10-L340341', 44000),
('T10-L341342', 44000),
('T10-L342343', 44000),
('T10-L343344', 44000),
('T10-L344345', 44000),
('T10-L345346', 44000),
('T10-L346347', 44000),
('T10-L347348', 44000),
('T10-L348349', 44000),
('T10-L349156', 44000),
('T10-L350351', 44000),
('T10-L351352', 44000),
('T10-L352353', 44000),
('T10-L353354', 44000),
('T10-L354355', 44000),
('T10-L355356', 44000),
('T10-L356357', 44000),
('T10-L357358', 44000),
('T10-L358359', 44000),
('T10-L359360', 44000),
('T10-L360361', 44000),
('T10-L361362', 44000),
('T10-L362363', 44000),
('T10-L363364', 44000),
('T10-L364365', 44000),
('T10-L365366', 44000),
('T10-L366367', 44000),
('T10-L367368', 44000),
('T10-L368369', 44000),
('T12-L134155', 39000),
('T12-L135134', 39000),
('T12-L136154', 39000),
('T12-L137136', 39000),
('T12-L138137', 39000),
('T12-L154135', 39000),
('T12-L155156', 39000),
('T12-L156157', 39000),
('T12-L157158', 39000),
('T12-L158159', 39000),
('T12-L159160', 39000),
('T12-L160161', 39000),
('T12-L161162', 39000),
('T12-L162547', 39000),
('T12-L165166', 39000),
('T12-L166550', 39000),
('T12-L173174', 39000),
('T12-L174175', 39000),
('T12-L175176', 39000),
('T12-L176177', 39000),
('T12-L177178', 39000),
('T12-L178179', 39000),
('T12-L179180', 39000),
('T12-L180181', 39000),
('T12-L181559', 39000),
('T12-L18254', 39000),
('T12-L1920', 39000),
('T12-L20138', 39000),
('T12-L20749', 39000),
('T12-L4982', 39000),
('T12-L50671', 39000),
('T12-L52182', 39000),
('T12-L53756', 39000),
('T12-L538539', 39000),
('T12-L539540', 39000),
('T12-L54059', 39000),
('T12-L54119', 39000),
('T12-L5455', 39000),
('T12-L547548', 39000),
('T12-L548165', 39000),
('T12-L550551', 39000),
('T12-L551552', 39000),
('T12-L552553', 39000),
('T12-L553554', 39000),
('T12-L554555', 39000),
('T12-L555173', 39000),
('T12-L55537', 39000),
('T12-L559560', 39000),
('T12-L560561', 39000),
('T12-L561562', 39000),
('T12-L562563', 39000),
('T12-L563564', 39000),
('T12-L564565', 39000),
('T12-L56538', 39000),
('T12-L565566', 39000),
('T12-L566567', 39000),
('T12-L567568', 39000),
('T12-L568569', 39000),
('T12-L569570', 39000),
('T12-L570571', 39000),
('T12-L571572', 39000),
('T12-L572573', 39000),
('T12-L573574', 39000),
('T12-L574575', 39000),
('T12-L575576', 39000),
('T12-L576577', 39000),
('T12-L577578', 39000),
('T12-L578579', 39000),
('T12-L579580', 39000),
('T12-L580581', 39000),
('T12-L581582', 39000),
('T12-L582583', 39000),
('T12-L583584', 39000),
('T12-L584585', 39000),
('T12-L585586', 39000),
('T12-L586587', 39000),
('T12-L587588', 39000),
('T12-L588589', 39000),
('T12-L589590', 39000),
('T12-L590591', 39000),
('T12-L591592', 39000),
('T12-L592593', 39000),
('T12-L593594', 39000),
('T12-L594595', 39000),
('T12-L595596', 39000),
('T12-L5960', 39000),
('T12-L596597', 39000),
('T12-L597598', 39000),
('T12-L598599', 39000),
('T12-L599600', 39000),
('T12-L600601', 39000),
('T12-L601602', 39000),
('T12-L602603', 39000),
('T12-L603604', 39000),
('T12-L604605', 39000),
('T12-L605606', 39000),
('T12-L6061', 39000),
('T12-L606607', 39000),
('T12-L607608', 39000),
('T12-L608609', 39000),
('T12-L609610', 39000),
('T12-L610611', 39000),
('T12-L611612', 39000),
('T12-L612613', 39000),
('T12-L613614', 39000),
('T12-L614615', 39000),
('T12-L615616', 39000),
('T12-L616617', 39000),
('T12-L617618', 39000),
('T12-L6179', 39000),
('T12-L618619', 39000),
('T12-L619620', 39000),
('T12-L620621', 39000),
('T12-L621622', 39000),
('T12-L622623', 39000),
('T12-L623624', 39000),
('T12-L624625', 39000),
('T12-L625626', 39000),
('T12-L626627', 39000),
('T12-L627628', 39000),
('T12-L628629', 39000),
('T12-L629630', 39000),
('T12-L630631', 39000),
('T12-L631632', 39000),
('T12-L632633', 39000),
('T12-L633634', 39000),
('T12-L634635', 39000),
('T12-L635636', 39000),
('T12-L636637', 39000),
('T12-L637638', 39000),
('T12-L638639', 39000),
('T12-L639640', 39000),
('T12-L640641', 39000),
('T12-L641642', 39000),
('T12-L642643', 39000),
('T12-L643644', 39000),
('T12-L644645', 39000),
('T12-L645646', 39000),
('T12-L646647', 39000),
('T12-L647648', 39000),
('T12-L648649', 39000),
('T12-L649650', 39000),
('T12-L650651', 39000),
('T12-L651652', 39000),
('T12-L652653', 39000),
('T12-L653654', 39000),
('T12-L654655', 39000),
('T12-L655656', 39000),
('T12-L656657', 39000),
('T12-L657658', 39000),
('T12-L658659', 39000),
('T12-L659660', 39000),
('T12-L660661', 39000),
('T12-L661662', 39000),
('T12-L662663', 39000),
('T12-L663664', 39000),
('T12-L664665', 39000),
('T12-L665666', 39000),
('T12-L666667', 39000),
('T12-L667668', 39000),
('T12-L668669', 39000),
('T12-L669670', 39000),
('T12-L670671', 39000),
('T12-L67152', 39000),
('T12-L79541', 39000),
('T12-L8250', 39000),
('T13-L505506', 17000),
('T13-L506507', 17000),
('T13-L507508', 17000),
('T13-L508509', 17000),
('T13-L509510', 17000),
('T13-L510511', 17000),
('T13-L511512', 17000),
('T13-L512513', 17000),
('T13-L513514', 17000),
('T13-L514515', 17000),
('T13-L515516', 17000),
('T13-L516517', 17000),
('T13-L517518', 17000),
('T13-L518519', 17000),
('T13-L519520', 17000),
('T13-L520521', 17000),
('T13-L521522', 17000),
('T13-L522523', 17000),
('T13-L523524', 17000),
('T13-L524525', 17000),
('T13-L525526', 17000),
('T13-L526527', 17000),
('T13-L527528', 17000),
('T13-L528529', 17000),
('T13-L529530', 17000),
('T13-L530531', 17000),
('T13-L531532', 17000),
('T13-L532533', 17000),
('T13-L533534', 17000),
('T13-L534535', 17000),
('T13-L535536', 17000),
('T14-L370371', 16000),
('T14-L371372', 16000),
('T14-L372373', 16000),
('T14-L373374', 16000),
('T14-L374375', 16000),
('T14-L375376', 16000),
('T14-L376377', 16000),
('T14-L377378', 16000),
('T14-L378379', 16000),
('T14-L379380', 16000),
('T14-L380381', 16000),
('T14-L381382', 16000),
('T14-L382383', 16000),
('T14-L383384', 16000),
('T14-L384385', 16000),
('T14-L385386', 16000),
('T14-L386387', 16000),
('T14-L387388', 16000),
('T14-L388389', 16000),
('T14-L389390', 16000),
('T14-L390391', 16000),
('T14-L391392', 16000),
('T14-L392393', 16000),
('T14-L393394', 16000),
('T14-L394395', 16000),
('T14-L395396', 16000),
('T14-L396397', 16000),
('T14-L397398', 16000),
('T14-L398399', 16000),
('T14-L399400', 16000),
('T14-L400401', 16000),
('T2-L1762', 8000),
('T2-L2021', 8000),
('T2-L2122', 8000),
('T2-L2223', 8000),
('T2-L2324', 8000),
('T2-L2425', 8000),
('T2-L2526', 8000),
('T2-L2663', 8000),
('T2-L2829', 8000),
('T2-L2930', 8000),
('T2-L3031', 8000),
('T2-L3132', 8000),
('T2-L3233', 8000),
('T2-L3364', 8000),
('T2-L3940', 8000),
('T2-L4041', 8000),
('T2-L4142', 8000),
('T2-L4243', 8000),
('T2-L4344', 8000),
('T2-L4445', 8000),
('T2-L4546', 8000),
('T2-L4647', 8000),
('T2-L4748', 8000),
('T2-L4849', 8000),
('T2-L4950', 8000),
('T2-L5051', 8000),
('T2-L5152', 8000),
('T2-L5253', 8000),
('T2-L5354', 8000),
('T2-L5455', 8000),
('T2-L5556', 8000),
('T2-L5657', 8000),
('T2-L5758', 8000),
('T2-L5859', 8000),
('T2-L5960', 8000),
('T2-L6061', 8000),
('T2-L6117', 8000),
('T2-L6220', 8000),
('T2-L6328', 8000),
('T2-L6465', 8000),
('T2-L6566', 8000),
('T2-L6667', 8000),
('T2-L6768', 8000),
('T2-L6869', 8000),
('T2-L6970', 8000),
('T2-L7071', 8000),
('T2-L7172', 8000),
('T2-L7273', 8000),
('T3-L107108', 8000),
('T3-L108109', 8000),
('T3-L109110', 8000),
('T3-L110111', 8000),
('T3-L111112', 8000),
('T3-L11122', 8000),
('T3-L112113', 8000),
('T3-L113114', 8000),
('T3-L114115', 8000),
('T3-L115116', 8000),
('T3-L116117', 8000),
('T3-L117118', 8000),
('T3-L1187', 8000),
('T3-L119120', 8000),
('T3-L120121', 8000),
('T3-L12111', 8000),
('T3-L122123', 8000),
('T3-L123124', 8000),
('T3-L124125', 8000),
('T3-L125126', 8000),
('T3-L126127', 8000),
('T3-L127128', 8000),
('T3-L128129', 8000),
('T3-L129130', 8000),
('T3-L130131', 8000),
('T3-L131132', 8000),
('T3-L132133', 8000),
('T3-L133134', 8000),
('T3-L134135', 8000),
('T3-L135136', 8000),
('T3-L136137', 8000),
('T3-L137138', 8000),
('T3-L13821', 8000),
('T3-L13924', 8000),
('T3-L14029', 8000),
('T3-L2122', 8000),
('T3-L22139', 8000),
('T3-L2425', 8000),
('T3-L2526', 8000),
('T3-L2627', 8000),
('T3-L27140', 8000),
('T3-L2930', 8000),
('T3-L3031', 8000),
('T3-L3132', 8000),
('T3-L3233', 8000),
('T3-L3334', 8000),
('T3-L3435', 8000),
('T3-L39107', 8000),
('T3-L7119', 8000),
('T4-L1011', 8000),
('T4-L108109', 8000),
('T4-L109110', 8000),
('T4-L110111', 8000),
('T4-L111112', 8000),
('T4-L1112', 8000),
('T4-L112113', 8000),
('T4-L113114', 8000),
('T4-L114148', 8000),
('T4-L1213', 8000),
('T4-L1314', 8000),
('T4-L134155', 8000),
('T4-L135134', 8000),
('T4-L136154', 8000),
('T4-L138153', 8000),
('T4-L141142', 8000),
('T4-L1415', 8000),
('T4-L142143', 8000),
('T4-L143144', 8000),
('T4-L144145', 8000),
('T4-L145146', 8000),
('T4-L146147', 8000),
('T4-L147108', 8000),
('T4-L148159', 8000),
('T4-L149150', 8000),
('T4-L150151', 8000),
('T4-L151512', 8000),
('T4-L1516', 8000),
('T4-L153136', 8000),
('T4-L154135', 8000),
('T4-L155156', 8000),
('T4-L156157', 8000),
('T4-L157158', 8000),
('T4-L158159', 8000),
('T4-L159160', 8000),
('T4-L159164', 8000),
('T4-L160161', 8000),
('T4-L161162', 8000),
('T4-L1617', 8000),
('T4-L162159', 8000),
('T4-L164165', 8000),
('T4-L165166', 8000),
('T4-L166167', 8000),
('T4-L167168', 8000),
('T4-L168169', 8000),
('T4-L169170', 8000),
('T4-L170171', 8000),
('T4-L171712', 8000),
('T4-L1718', 8000),
('T4-L172173', 8000),
('T4-L173174', 8000),
('T4-L174175', 8000),
('T4-L175176', 8000),
('T4-L176177', 8000),
('T4-L177178', 8000),
('T4-L178179', 8000),
('T4-L179180', 8000),
('T4-L180181', 8000),
('T4-L1819', 8000),
('T4-L1920', 8000),
('T4-L20138', 8000),
('T4-L5127', 8000),
('T4-L78', 8000),
('T4-L89', 8000),
('T4-L910', 8000),
('T5-L107108', 5000),
('T5-L108203', 5000),
('T5-L150191', 5000),
('T5-L182183', 5000),
('T5-L183184', 5000),
('T5-L184185', 5000),
('T5-L185186', 5000),
('T5-L18646', 5000),
('T5-L187188', 5000),
('T5-L188189', 5000),
('T5-L189190', 5000),
('T5-L190150', 5000),
('T5-L191192', 5000),
('T5-L192193', 5000),
('T5-L193194', 5000),
('T5-L194195', 5000),
('T5-L195196', 5000),
('T5-L196197', 5000),
('T5-L197198', 5000),
('T5-L198199', 5000),
('T5-L199200', 5000),
('T5-L200201', 5000),
('T5-L201202', 5000),
('T5-L202107', 5000),
('T5-L203204', 5000),
('T5-L204205', 5000),
('T5-L205206', 5000),
('T5-L206207', 5000),
('T5-L207208', 5000),
('T5-L208209', 5000),
('T5-L209210', 5000),
('T5-L210211', 5000),
('T5-L211182', 5000),
('T5-L44187', 5000),
('T5-L4544', 5000),
('T5-L4645', 5000),
('T6-L1011', 26000),
('T6-L107108', 26000),
('T6-L108109', 26000),
('T6-L109110', 26000),
('T6-L110111', 26000),
('T6-L111112', 26000),
('T6-L11122', 26000),
('T6-L112113', 26000),
('T6-L113114', 26000),
('T6-L114148', 26000),
('T6-L116117', 26000),
('T6-L1176', 26000),
('T6-L122123', 26000),
('T6-L123124', 26000),
('T6-L124125', 26000),
('T6-L125213', 26000),
('T6-L127128', 26000),
('T6-L128129', 26000),
('T6-L129130', 26000),
('T6-L130214', 26000),
('T6-L148149', 26000),
('T6-L149116', 26000),
('T6-L212107', 26000),
('T6-L213127', 26000),
('T6-L214215', 26000),
('T6-L215216', 26000),
('T6-L216217', 26000),
('T6-L217218', 26000),
('T6-L218219', 26000),
('T6-L219220', 26000),
('T6-L220221', 26000),
('T6-L221222', 26000),
('T6-L222223', 26000),
('T6-L223224', 26000),
('T6-L224225', 26000),
('T6-L225226', 26000),
('T6-L226227', 26000),
('T6-L227228', 26000),
('T6-L228229', 26000),
('T6-L229230', 26000),
('T6-L230231', 26000),
('T6-L231232', 26000),
('T6-L232233', 26000),
('T6-L233234', 26000),
('T6-L234235', 26000),
('T6-L235236', 26000),
('T6-L236237', 26000),
('T6-L237238', 26000),
('T6-L238239', 26000),
('T6-L239240', 26000),
('T6-L240241', 26000),
('T6-L241242', 26000),
('T6-L242243', 26000),
('T6-L243244', 26000),
('T6-L244245', 26000),
('T6-L245246', 26000),
('T6-L24627', 26000),
('T6-L247248', 26000),
('T6-L248249', 26000),
('T6-L249250', 26000),
('T6-L250251', 26000),
('T6-L251252', 26000),
('T6-L252253', 26000),
('T6-L253254', 26000),
('T6-L254255', 26000),
('T6-L255256', 26000),
('T6-L256257', 26000),
('T6-L257258', 26000),
('T6-L258259', 26000),
('T6-L259260', 26000),
('T6-L260261', 26000),
('T6-L261262', 26000),
('T6-L262263', 26000),
('T6-L263264', 26000),
('T6-L27247', 26000),
('T6-L67', 26000),
('T6-L78', 26000),
('T6-L89', 26000),
('T6-L910', 26000),
('T7-L100101', 18000),
('T7-L101102', 18000),
('T7-L102103', 18000),
('T7-L103104', 18000),
('T7-L104105', 18000),
('T7-L105106', 18000),
('T7-L108109', 18000),
('T7-L109110', 18000),
('T7-L110111', 18000),
('T7-L11178', 18000),
('T7-L13183', 18000),
('T7-L133131', 18000),
('T7-L13481', 18000),
('T7-L135134', 18000),
('T7-L136154', 18000),
('T7-L137136', 18000),
('T7-L138137', 18000),
('T7-L154135', 18000),
('T7-L1920', 18000),
('T7-L2080', 18000),
('T7-L5051', 18000),
('T7-L5152', 18000),
('T7-L5253', 18000),
('T7-L5354', 18000),
('T7-L5455', 18000),
('T7-L5556', 18000),
('T7-L5657', 18000),
('T7-L5758', 18000),
('T7-L5859', 18000),
('T7-L5960', 18000),
('T7-L6061', 18000),
('T7-L6179', 18000),
('T7-L7475', 18000),
('T7-L7576', 18000),
('T7-L7677', 18000),
('T7-L77108', 18000),
('T7-L7850', 18000),
('T7-L7919', 18000),
('T7-L80138', 18000),
('T7-L81133', 18000),
('T7-L8384', 18000),
('T7-L8485', 18000),
('T7-L8586', 18000),
('T7-L8687', 18000),
('T7-L8788', 18000),
('T7-L8889', 18000),
('T7-L8990', 18000),
('T7-L9091', 18000),
('T7-L9192', 18000),
('T7-L9293', 18000),
('T7-L9394', 18000),
('T7-L9495', 18000),
('T7-L9596', 18000),
('T7-L9697', 18000),
('T7-L9798', 18000),
('T7-L9899', 18000),
('T7-L99100', 18000),
('T8-L18254', 20000),
('T8-L207266', 20000),
('T8-L265207', 20000),
('T8-L26650', 20000),
('T8-L267182', 20000),
('T8-L26858', 20000),
('T8-L269270', 20000),
('T8-L270271', 20000),
('T8-L271272', 20000),
('T8-L272273', 20000),
('T8-L273274', 20000),
('T8-L274275', 20000),
('T8-L275276', 20000),
('T8-L276277', 20000),
('T8-L277278', 20000),
('T8-L278279', 20000),
('T8-L279280', 20000),
('T8-L280281', 20000),
('T8-L281282', 20000),
('T8-L282283', 20000),
('T8-L283284', 20000),
('T8-L284285', 20000),
('T8-L285286', 20000),
('T8-L286287', 20000),
('T8-L287288', 20000),
('T8-L288289', 20000),
('T8-L289290', 20000),
('T8-L290291', 20000),
('T8-L291292', 20000),
('T8-L292293', 20000),
('T8-L293294', 20000),
('T8-L294295', 20000),
('T8-L295296', 20000),
('T8-L296297', 20000),
('T8-L297298', 20000),
('T8-L298299', 20000),
('T8-L299300', 20000),
('T8-L300301', 20000),
('T8-L301302', 20000),
('T8-L302303', 20000),
('T8-L303304', 20000),
('T8-L304305', 20000),
('T8-L305306', 20000),
('T8-L306307', 20000),
('T8-L307308', 20000),
('T8-L308309', 20000),
('T8-L309310', 20000),
('T8-L310311', 20000),
('T8-L5051', 20000),
('T8-L51267', 20000),
('T8-L5455', 20000),
('T8-L5556', 20000),
('T8-L56268', 20000),
('T8-L5859', 20000),
('T8-L5960', 20000),
('T8-L6061', 20000),
('T8-L61269', 20000),
('T9-L20749', 28000),
('T9-L265207', 28000),
('T9-L402403', 28000),
('T9-L403404', 28000),
('T9-L404405', 28000),
('T9-L405406', 28000),
('T9-L406407', 28000),
('T9-L407408', 28000),
('T9-L408409', 28000),
('T9-L409410', 28000),
('T9-L410411', 28000),
('T9-L411412', 28000),
('T9-L412413', 28000),
('T9-L413414', 28000),
('T9-L414415', 28000),
('T9-L415416', 28000),
('T9-L416417', 28000),
('T9-L417418', 28000),
('T9-L418419', 28000),
('T9-L419420', 28000),
('T9-L420421', 28000),
('T9-L421422', 28000),
('T9-L422423', 28000),
('T9-L423424', 28000),
('T9-L424425', 28000),
('T9-L425426', 28000),
('T9-L426427', 28000),
('T9-L427428', 28000),
('T9-L428429', 28000),
('T9-L429430', 28000),
('T9-L430431', 28000),
('T9-L431432', 28000),
('T9-L432433', 28000),
('T9-L433434', 28000),
('T9-L434435', 28000),
('T9-L435436', 28000),
('T9-L436437', 28000),
('T9-L437438', 28000),
('T9-L438439', 28000),
('T9-L439440', 28000),
('T9-L440441', 28000),
('T9-L441442', 28000),
('T9-L442443', 28000),
('T9-L443444', 28000),
('T9-L444445', 28000),
('T9-L445446', 28000),
('T9-L446447', 28000),
('T9-L447448', 28000),
('T9-L448449', 28000),
('T9-L449450', 28000),
('T9-L450451', 28000),
('T9-L451452', 28000),
('T9-L452453', 28000),
('T9-L453454', 28000),
('T9-L454455', 28000),
('T9-L455456', 28000),
('T9-L456457', 28000),
('T9-L457458', 28000),
('T9-L458459', 28000),
('T9-L459460', 28000),
('T9-L460461', 28000),
('T9-L461462', 28000),
('T9-L462463', 28000),
('T9-L463464', 28000),
('T9-L464465', 28000),
('T9-L465466', 28000),
('T9-L466467', 28000),
('T9-L467468', 28000),
('T9-L468469', 28000),
('T9-L469470', 28000),
('T9-L470471', 28000),
('T9-L471472', 28000),
('T9-L472473', 28000),
('T9-L473474', 28000),
('T9-L474475', 28000),
('T9-L475476', 28000),
('T9-L476477', 28000),
('T9-L477478', 28000),
('T9-L478479', 28000),
('T9-L479480', 28000),
('T9-L480481', 28000),
('T9-L481482', 28000),
('T9-L482483', 28000),
('T9-L483484', 28000),
('T9-L484485', 28000),
('T9-L485486', 28000),
('T9-L486487', 28000),
('T9-L487488', 28000),
('T9-L488489', 28000),
('T9-L489490', 28000),
('T9-L490491', 28000),
('T9-L491492', 28000),
('T9-L492493', 28000),
('T9-L493494', 28000),
('T9-L494495', 28000),
('T9-L4950', 28000),
('T9-L495496', 28000),
('T9-L496497', 28000),
('T9-L497498', 28000),
('T9-L498499', 28000),
('T9-L499500', 28000),
('T9-L500501', 28000),
('T9-L501502', 28000),
('T9-L502503', 28000),
('T9-L503504', 28000),
('T9-L5051', 28000),
('T9-L5152', 28000),
('T9-L52402', 28000);

-- --------------------------------------------------------

--
-- Table structure for table `vethang`
--

DROP TABLE IF EXISTS `vethang`;
CREATE TABLE IF NOT EXISTS `vethang` (
  `matuyen` varchar(10) COLLATE utf8_vietnamese_ci NOT NULL,
  `giave` float DEFAULT NULL,
  PRIMARY KEY (`matuyen`)
) ENGINE=InnoDB DEFAULT CHARSET=utf8 COLLATE=utf8_vietnamese_ci;

--
-- Dumping data for table `vethang`
--

INSERT INTO `vethang` (`matuyen`, `giave`) VALUES
('T1', 215000),
('T10', 265000),
('T12', 265000),
('T13', 315000),
('T2', 215000),
('T3', 215000),
('T4', 215000),
('T5', 175000),
('T6', 265000),
('T6B', 265000),
('T7', 215000),
('T8', 265000),
('T9', 265000);

-- --------------------------------------------------------

--
-- Table structure for table `xe`
--

DROP TABLE IF EXISTS `xe`;
CREATE TABLE IF NOT EXISTS `xe` (
  `maxe` varchar(10) COLLATE utf8_vietnamese_ci NOT NULL,
  `bienso` varchar(10) COLLATE utf8_vietnamese_ci NOT NULL,
  PRIMARY KEY (`maxe`)
) ENGINE=InnoDB DEFAULT CHARSET=utf8 COLLATE=utf8_vietnamese_ci;

--
-- Dumping data for table `xe`
--

INSERT INTO `xe` (`maxe`, `bienso`) VALUES
('T10X1', '77BUSBD066'),
('T10X2', '77BUSBD067'),
('T10X3', '77BUSBD068'),
('T10X4', '77BUSBD069'),
('T10X5', '77BUSBD070'),
('T10X6', '77BUSBD071'),
('T12X1', '77BUSBD052'),
('T12X2', '77BUSBD053'),
('T12X3', '77BUSBD054'),
('T12X4', '77BUSBD055'),
('T12X5', '77BUSBD056'),
('T12X6', '77BUSBD057'),
('T12X7', '77BUSBD058'),
('T12X8', '77BUSBD059'),
('T13X1', '77BUSBD060'),
('T13X2', '77BUSBD061'),
('T13X3', '77BUSBD062'),
('T13X4', '77BUSBD063'),
('T13X5', '77BUSBD064'),
('T13X6', '77BUSBD065'),
('T1X1', '77BUSBD001'),
('T1X2', '77BUSBD002'),
('T1X3', '77BUSBD003'),
('T1X4', '77BUSBD004'),
('T1X5', '77BUSBD005'),
('T1X6', '77BUSBD006'),
('T2X1', '77BUSBD007'),
('T2X2', '77BUSBD008'),
('T2X3', '77BUSBD009'),
('T2X4', '77BUSBD010'),
('T2X5', '77BUSBD011'),
('T2X6', '77BUSBD012'),
('T3X1', '77BUSBD013'),
('T3X2', '77BUSBD014'),
('T3X3', '77BUSBD015'),
('T3X4', '77BUSBD016'),
('T3X5', '77BUSBD017'),
('T3X6', '77BUSBD018'),
('T4X1', '77BUSBD019'),
('T4X2', '77BUSBD020'),
('T4X3', '77BUSBD021'),
('T4X4', '77BUSBD022'),
('T4X5', '77BUSBD023'),
('T4X6', '77BUSBD024'),
('T5X1', '77BUSBD072'),
('T5X2', '77BUSBD073'),
('T5X3', '77BUSBD074'),
('T6BX1', '77BUSBD049'),
('T6BX2', '77BUSBD050'),
('T6BX3', '77BUSBD051'),
('T6X1', '77BUSBD025'),
('T6X2', '77BUSBD026'),
('T6X3', '77BUSBD027'),
('T6X4', '77BUSBD028'),
('T6X5', '77BUSBD029'),
('T6X6', '77BUSBD030'),
('T6X7', '77BUSBD031'),
('T6X8', '77BUSBD032'),
('T7X1', '77BUSBD033'),
('T7X2', '77BUSBD034'),
('T7X3', '77BUSBD035'),
('T7X4', '77BUSBD036'),
('T7X5', '77BUSBD037'),
('T7X6', '77BUSBD038'),
('T8X1', '77BUSBD039'),
('T8X2', '77BUSBD040'),
('T8X3', '77BUSBD041'),
('T8X4', '77BUSBD042'),
('T9X1', '77BUSBD043'),
('T9X2', '77BUSBD044'),
('T9X3', '77BUSBD045'),
('T9X4', '77BUSBD046'),
('T9X5', '77BUSBD047'),
('T9X6', '77BUSBD048');

--
-- Constraints for dumped tables
--

--
-- Constraints for table `danhsachtramke`
--
ALTER TABLE `danhsachtramke`
  ADD CONSTRAINT `fk_dstramke_matram` FOREIGN KEY (`matram`) REFERENCES `danhsachtram` (`matram`),
  ADD CONSTRAINT `fk_dstramke_matuyen` FOREIGN KEY (`matuyen`) REFERENCES `danhsachtuyen` (`matuyen`),
  ADD CONSTRAINT `fk_dstramke_mavengay` FOREIGN KEY (`mavengay`) REFERENCES `vengay` (`mavengay`),
  ADD CONSTRAINT `fk_dstramke_tramke` FOREIGN KEY (`matram`) REFERENCES `danhsachtram` (`matram`);

--
-- Constraints for table `danhsachtuyen`
--
ALTER TABLE `danhsachtuyen`
  ADD CONSTRAINT `fk_dstuyen_matrambatdau` FOREIGN KEY (`matrambatdau`) REFERENCES `danhsachtram` (`matram`),
  ADD CONSTRAINT `fk_dstuyen_matramketthuc` FOREIGN KEY (`matramketthuc`) REFERENCES `danhsachtram` (`matram`);

--
-- Constraints for table `hoadon`
--
ALTER TABLE `hoadon`
  ADD CONSTRAINT `fk_hd_mataikhoan` FOREIGN KEY (`tendangnhap`) REFERENCES `taikhoan` (`tendangnhap`),
  ADD CONSTRAINT `fk_hd_matramden` FOREIGN KEY (`matramden`) REFERENCES `danhsachtram` (`matram`),
  ADD CONSTRAINT `fk_hd_matramdi` FOREIGN KEY (`matramdi`) REFERENCES `danhsachtram` (`matram`),
  ADD CONSTRAINT `fk_hd_matuyen` FOREIGN KEY (`matuyen`) REFERENCES `danhsachtuyen` (`matuyen`),
  ADD CONSTRAINT `fk_hd_maxe` FOREIGN KEY (`maxe`) REFERENCES `xe` (`maxe`);

--
-- Constraints for table `lotrinh`
--
ALTER TABLE `lotrinh`
  ADD CONSTRAINT `fk_lt_matramkhoihanh` FOREIGN KEY (`matramkhoihanh`) REFERENCES `danhsachtram` (`matram`),
  ADD CONSTRAINT `fk_lt_matuyen` FOREIGN KEY (`matuyen`) REFERENCES `danhsachtuyen` (`matuyen`),
  ADD CONSTRAINT `fk_lt_maxe` FOREIGN KEY (`maxe`) REFERENCES `xe` (`maxe`);

--
-- Constraints for table `tuyent1`
--
ALTER TABLE `tuyent1`
  ADD CONSTRAINT `fk_t1_matuyen` FOREIGN KEY (`matuyen`) REFERENCES `danhsachtuyen` (`matuyen`);

--
-- Constraints for table `tuyent2`
--
ALTER TABLE `tuyent2`
  ADD CONSTRAINT `fk_t2_matuyen` FOREIGN KEY (`matuyen`) REFERENCES `danhsachtuyen` (`matuyen`);

--
-- Constraints for table `tuyent3`
--
ALTER TABLE `tuyent3`
  ADD CONSTRAINT `fk_t3_matuyen` FOREIGN KEY (`matuyen`) REFERENCES `danhsachtuyen` (`matuyen`);

--
-- Constraints for table `tuyent4`
--
ALTER TABLE `tuyent4`
  ADD CONSTRAINT `fk_t4_matuyen` FOREIGN KEY (`matuyen`) REFERENCES `danhsachtuyen` (`matuyen`);

--
-- Constraints for table `tuyent5`
--
ALTER TABLE `tuyent5`
  ADD CONSTRAINT `fk_t5_matuyen` FOREIGN KEY (`matuyen`) REFERENCES `danhsachtuyen` (`matuyen`);

--
-- Constraints for table `tuyent6`
--
ALTER TABLE `tuyent6`
  ADD CONSTRAINT `fk_t6_matuyen` FOREIGN KEY (`matuyen`) REFERENCES `danhsachtuyen` (`matuyen`);

--
-- Constraints for table `tuyent6b`
--
ALTER TABLE `tuyent6b`
  ADD CONSTRAINT `fk_t6b_matuyen` FOREIGN KEY (`matuyen`) REFERENCES `danhsachtuyen` (`matuyen`);

--
-- Constraints for table `tuyent7`
--
ALTER TABLE `tuyent7`
  ADD CONSTRAINT `fk_t7_matuyen` FOREIGN KEY (`matuyen`) REFERENCES `danhsachtuyen` (`matuyen`);

--
-- Constraints for table `tuyent8`
--
ALTER TABLE `tuyent8`
  ADD CONSTRAINT `fk_t8_matuyen` FOREIGN KEY (`matuyen`) REFERENCES `danhsachtuyen` (`matuyen`);

--
-- Constraints for table `tuyent9`
--
ALTER TABLE `tuyent9`
  ADD CONSTRAINT `fk_t9_matuyen` FOREIGN KEY (`matuyen`) REFERENCES `danhsachtuyen` (`matuyen`);

--
-- Constraints for table `tuyent10`
--
ALTER TABLE `tuyent10`
  ADD CONSTRAINT `fk_t10_matuyen` FOREIGN KEY (`matuyen`) REFERENCES `danhsachtuyen` (`matuyen`);

--
-- Constraints for table `tuyent12`
--
ALTER TABLE `tuyent12`
  ADD CONSTRAINT `fk_t12_matuyen` FOREIGN KEY (`matuyen`) REFERENCES `danhsachtuyen` (`matuyen`);
COMMIT;

/*!40101 SET CHARACTER_SET_CLIENT=@OLD_CHARACTER_SET_CLIENT */;
/*!40101 SET CHARACTER_SET_RESULTS=@OLD_CHARACTER_SET_RESULTS */;
/*!40101 SET COLLATION_CONNECTION=@OLD_COLLATION_CONNECTION */;
